Altitude,Temperature,Pressure,Gravity,Thrust,Acceleration,Airspeed,Drag
92.6157467815792,287.44788678962,99.9419784545898,9.80702699967043,-604.84,0.00396210590376286,0.0011999923230764,-4482.8618443099
92.6157465638826,287.447888853285,99.9419784545898,9.80702699965191,6895.16,0.0035469093245743,0.00125867542545966,3017.23452748345
92.6339915583376,287.447899205554,99.9417037963867,9.80702598917604,6895.16166220711,1.14373246132149,0.456498907826988,2569.40528370394
92.7548618346918,287.447911703883,99.9399108886719,9.8070214339355,6895.17251272578,3.48444821381048,1.39274519209126,1648.62288334864
92.9871111051179,287.447924285299,99.9364624023438,9.80701323563143,6895.19338265954,5.80641429145264,2.3215388017125,736.633781922621
93.3309245991986,287.447936949762,99.9313583374023,9.80700138848632,6895.22427200841,7.77960792235954,3.25183030646651,-36.4919822472298
93.87326807715,287.447951829773,99.9233016967773,9.80698295009489,6895.27303008375,7.75165127876061,4.33899705115892,-19.3516703482301
94.4593991809525,287.447964673775,99.9146041870117,9.80696318243827,6895.32566664236,7.76479017699936,5.27252220064649,-19.2633008958942
95.2849583366187,287.447979762946,99.90234375,9.80693548615947,6895.39986572104,7.77965610070316,6.36368935430004,-18.9546683274789
96.2634679878829,287.447994964471,99.8878173828125,9.80690278848563,6895.4877780084,7.79551740150046,7.45720375371122,-19.0104745036952
97.2241719251033,287.448008083626,99.8735580444336,9.80687077373271,6895.57407426107,7.80946573671639,8.39630785925218,-19.1758313775999
98.2976878164336,287.448021285064,99.8576278686523,9.80683507147805,6895.67048227369,7.82363723204559,9.33706686783628,-19.4088636680531
99.6929534497904,287.448036790593,99.8369293212891,9.80678874976146,6895.7957480487,7.83930553654418,10.4365845770135,-19.3166464402643
101.242309946334,287.448052407803,99.8139419555664,9.80673739054996,6895.93486554966,7.85458521494806,11.5381415281194,-19.0457038107843
102.946041407296,287.448068136536,99.7886734008789,9.80668098484299,6896.08778860415,7.86919496292567,12.6416664049772,-18.4860171068003
104.804430371732,287.44808397665,99.7611083984375,9.80661952372213,6896.25460955701,7.88350938635823,13.7471539943507,-17.785628259523
106.817759749596,287.448099928026,99.7312622070313,9.80655299793075,6896.4352360634,7.8978123793738,14.8548003204634,-17.0544896963293
108.667027268326,287.448113689118,99.7038497924805,9.80649193714832,6896.60113356787,7.91092190393971,15.806034929542,-16.7391286366533
110.968922298984,287.448129846893,99.6697387695313,9.80641597908253,6896.80757045695,7.92658255435831,16.9177868672612,-16.4895731617994
113.426638617762,287.448146115736,99.6333312988281,9.80633492780743,6897.0279052444,7.94231353803956,18.0317256851415,-16.2408254456482
116.040491087246,287.448162495636,99.5946197509766,9.80624877361289,6897.26218410264,7.9581239472264,19.1479691561667,-15.9961923099395
118.810765663511,287.448178986617,99.5536041259766,9.80615750711435,6897.51040703167,7.97329172112172,20.2660964970251,-15.4743932926926
121.310010196641,287.448193210198,99.5166091918945,9.80607520251165,6897.73429709544,7.98641004385017,21.2262896283773,-15.0525707801717
124.37156825047,287.448209907656,99.4713134765625,9.80597441679495,6898.008422752,8.00117654767237,22.3484396820415,-14.326206629818
127.120906730532,287.448224308379,99.4306488037109,9.80588393951333,6898.25452174972,8.01390218026103,23.3118076582431,-13.7096268883483
130.474738120916,287.448241212754,99.3810653686523,9.8057736030342,6898.55459630622,8.02871721954747,24.4377764347712,-12.9538864632623
133.986368115759,287.44825822882,99.3291625976563,9.80565811053838,6898.86870727835,8.0433804914247,25.5657918094301,-12.1132430642783
137.656105218455,287.448275356818,99.2749557495117,9.80553745193149,6899.19676232128,8.0585865018826,26.6959403180947,-11.456524937747
141.484242335195,287.448292597031,99.2184295654297,9.80541161825762,6899.53885377983,8.07425513202563,27.8284775911738,-10.9516725941367
145.471086357837,287.448309949778,99.1595916748047,9.80528059934518,6899.89493548159,8.08946374882403,28.9629395588169,-10.2429350244865
149.616941642831,287.448327415422,99.0984344482422,9.80514438597092,6900.26505359899,8.10485467670051,30.0995876316087,-9.57813658504847
153.922078166157,287.448344994379,99.0349578857422,9.80500296963124,6900.64920813201,8.1196782474166,31.2382086119878,-8.66799596529654
158.386805715272,287.448362687112,98.9691619873047,9.80485634019522,6901.04739908066,8.13432041909225,32.3790026890959,-7.66185587458858
163.01140745508,287.448380494134,98.9010543823242,9.80470448922457,6901.45958027252,8.14957675570249,33.5219618128885,-6.86568407024242
167.102807611111,287.448395848685,98.8408203125,9.80457016884145,6901.82411152711,8.16191415991674,34.5029741521064,-5.87821055047743
172.025094564073,287.44841386948,98.7684020996094,9.80440859589441,6902.26238013618,8.17756876834562,35.6500300478036,-5.18614683651731
177.108109034365,287.448432006286,98.6936645507813,9.80424177474436,6902.71468516088,8.19253412201459,36.7989753132933,-4.20308419394178
182.352126407903,287.448450259788,98.6166076660156,9.80406969582501,6903.1810266012,8.20793245572808,37.9500661285382,-3.35973165656424
186.975395703106,287.448465999079,98.548713684082,9.8039180078094,6903.59191496531,8.22103869301567,38.9384453910698,-2.57989841864037
192.519237134256,287.448484471265,98.4673538208008,9.80373614040457,6904.08429765042,8.23616364454583,40.0934404813431,-1.58294780296819
198.224930888973,287.448503062332,98.3836669921875,9.80354898897411,6904.59076292359,8.25002444220771,41.2500758150931,-0.0754105083578906
203.244586145738,287.448519092785,98.3100967407227,9.80338436086601,6905.03600356805,8.2631590189438,42.2437089307553,0.757633748975422
209.25166258309,287.448537906875,98.2221069335938,9.80318737247212,6905.568510086,8.27744546748431,43.4044184049874,2.15011115633479
215.421419268358,287.448556842325,98.1318054199219,9.80298507455994,6906.11500684716,8.2937878660901,44.5675908762961,2.78395695347308
221.754156807088,287.448575900066,98.039192199707,9.80277745793169,6906.67549385153,8.30743135564469,45.7326273175267,4.47370115470858
228.250171872787,287.448595081057,97.9442596435547,9.80256451313529,6907.25001727153,8.32313305082878,46.8997608050006,5.40522805802084
234.909741469077,287.448614386284,97.8470153808594,9.80234623197745,6907.83853093474,8.33767600073642,48.0688060515299,6.80416461003233
241.733198078116,287.448633816759,97.7474517822266,9.80212260462305,6908.44108101357,8.35200751587686,49.240055410598,8.3095985330624
247.712506625685,287.448650571925,97.660285949707,9.80192666295176,6908.96860091018,8.36555877789844,50.2459840482012,9.13882967441396
253.812574306037,287.448667420536,97.5714111328125,9.80172678154153,6909.50646342883,8.37776192108749,51.252620558899,10.4996999184291
261.082216245006,287.448687196255,97.4655914306641,9.80148860021676,6910.14687489193,8.39289647529625,52.429689343407,11.7706234374054
268.516788092442,287.448707101175,97.3574676513672,9.80124504006615,6910.80123042583,8.40784291232432,53.6091206137844,13.1391257072737
276.116593559156,287.448727136403,97.2470397949219,9.80099609163507,6911.46953003051,8.42322783738544,54.790277084652,14.3683201408671
282.762425298803,287.448744414022,97.1505584716797,9.80077841385943,6912.05342645173,8.43473002749612,55.8035811547773,16.0792783533525
290.669842537842,287.448764694242,97.0358581542969,9.80051943665138,6912.74758261152,8.4487493257558,56.9886201050156,17.8727294036166
298.74329033331,287.448785108015,96.9188690185547,9.80025504706799,6913.45559049726,8.46426414749676,58.1759818077087,19.1266833219056
306.983064906788,287.448805656496,96.7995834350586,9.79998523680007,6914.17749628137,8.47957565425846,59.3646340680379,20.4840940145177
315.389485406224,287.448826340854,96.6780090332031,9.79970999581839,6914.91325379143,8.49415937822786,60.5557182222796,22.1414684750821
323.962799462141,287.44884716226,96.5541534423828,9.79942931575346,6915.66281685502,8.50912471132315,61.7491458947001,23.6814767879914
332.703296848689,287.448868121896,96.4280090332031,9.79914318881707,6916.42623164457,8.52345844084409,62.9443307215326,25.4850855587974
341.611269347835,287.448889220945,96.2995834350586,9.79885160604892,6917.20345198764,8.53858772403516,64.1412158675617,27.015009016437
350.686975466204,287.448910460593,96.1688919067383,9.79855456046259,6917.9943855394,8.5507819899976,65.3398349694551,29.6728638262134
358.599908545846,287.448928778814,96.0550537109375,9.79829559207132,6918.68332421575,8.56446259457996,66.3701156372219,30.7592814142631
367.987951971707,287.448950282733,95.9201431274414,9.79798837415552,6919.49979111568,8.57866058684376,67.5726797626415,32.7118553565301
378.923553921748,287.448975035034,95.76318359375,9.79763054664155,6920.44969630893,8.59534989227465,68.9495247507732,34.8015035595222
387.270043762052,287.448993723751,95.6435317993164,9.7973574627242,6921.17381836919,8.60595304086497,69.9841125446405,37.1062048578174
397.164629656589,287.449015663222,95.501838684082,9.79703375338683,6922.03133255036,8.6217477629023,71.1932302473179,38.5379136575593
405.780571099021,287.449034585875,95.3785934448242,9.79675189829239,6922.77720182036,8.63595644127428,72.2315530901914,39.5353743513961
415.990112146363,287.4490568003,95.2327270507813,9.79641794074179,6923.65997231517,8.65216643490799,73.4449784049719,40.8610359953573
427.866247235215,287.44908237162,95.0632705688477,9.79602950278095,6924.68550793211,8.66487604018659,74.8328092850703,44.576232192886
436.919233369175,287.449101679491,94.9342651367188,9.7957334261443,6925.46623737909,8.6778220384165,75.8766380724366,46.1115891521204
447.6394302845,287.449124346572,94.7816772460938,9.79538285343207,6926.38968577578,8.69235982615778,77.0954356562852,48.1370762504262
456.964130658307,287.449143897379,94.6491241455078,9.79507794239039,6927.19188539798,8.703867893925,78.1414135768811,50.2472678093145
464.83062713081,287.449160276208,94.5374145507813,9.79482072854948,6927.8679419692,8.71455327351125,79.0136880709671,51.6129947277291
474.38581172633,287.449180035204,94.4018630981445,9.79450832199482,6928.68828735239,8.72572003196252,80.063012639897,53.8833028139479
485.692775765434,287.449203232205,94.2416687011719,9.79413866984034,6929.65776965166,8.7419727903856,81.2893833802431,55.3585289004495
495.521124555962,287.449223240294,94.1026077270508,9.79381738307275,6930.49935434798,8.75587399507629,82.3411893385887,56.6551207858038
507.147247734945,287.449246729805,93.9383163452148,9.79343735773534,6931.49363123669,8.7691793578022,83.5706815615809,59.2706023013775
517.24959690799,287.449266990231,93.7957534790039,9.79310716684059,6932.35640907372,8.77973647611482,84.6264436308499,61.8454098632383
529.195868587703,287.449290775997,93.6273880004883,9.79271673886236,6933.37534203462,8.79489226368516,85.8591426989671,63.8217252080985
541.314999447204,287.449314722805,93.4568405151367,9.79232069615808,6934.4074803076,8.80689013447371,87.0934370870032,66.9899325179481
553.607184607652,287.449338831702,93.2841186523438,9.7919190337301,6935.45277772023,8.82219615015742,88.3316918855401,68.9606418771823
566.07269251463,287.449363103717,93.1092224121094,9.79151174268025,6936.51123427251,8.83285982083385,89.5700620262055,72.667924309349
578.711806478095,287.449387539866,92.9321670532227,9.79109881431562,6937.58275761961,8.85150296701091,90.8109862702653,73.4591901240906
589.6838031722,287.449408616532,92.7786865234375,9.79074038095939,6938.51160818941,8.86502957435307,91.8777029712804,75.0622780986887
602.64606532082,287.449433360139,92.5976257324219,9.79031696319596,6939.60737205692,8.87974465821567,93.1219602086427,77.3480556736085
615.782829363248,287.449458270692,92.4144287109375,9.78988788530186,6940.71606420198,8.89250930339555,94.3679888293616,80.3753073092043
629.094241483952,287.449483349142,92.2290878295898,9.78945313952911,6941.83773079702,8.9087084918901,95.6177699696054,82.1659821599756
640.643291393062,287.449504979296,92.0685348510742,9.78907598387628,6942.80938320002,8.91801779936444,96.6891672056977,85.398487605371
652.321067440906,287.449526734067,91.9064254760742,9.78869465217413,6943.79045477665,8.93150618114076,97.7627677570811,87.1164204512233
666.108060765313,287.449552272894,91.71533203125,9.78824448354901,6944.94693537625,8.94138157105861,99.0158369267135,91.2896212969513
678.065330072539,287.449574299606,91.5498580932617,9.78785409110883,6945.94836899003,8.95715912027534,100.092411421037,92.2095585943998
694.209377234685,287.449603865243,91.3268280029297,9.78732705114673,6947.29812733905,8.96776068723387,101.528641572806,97.2786584590644
706.468496144284,287.449626187681,91.1577682495117,9.78692687375347,6948.32126199016,8.98849737721552,102.611230069384,96.4318480350403
718.857249821769,287.449648637739,90.987174987793,9.78652249843332,6949.35367729766,8.99591962719915,103.690775959766,100.463251730466
731.375891624833,287.449671215929,90.8150634765625,9.78611391414207,6950.3952809167,9.0041370932858,104.773450002453,104.220350225326
741.907346470398,287.44969012933,90.6704711914063,9.78577021298866,6951.2703406174,9.01598106394202,105.675642195841,105.543176989691
752.529304235941,287.449709132347,90.5248260498047,9.78542358273797,6952.15177211204,9.02703696282089,106.580358999821,107.166452854317
765.39492198755,287.449732054655,90.3486785888672,9.78500375730293,6953.21780094117,9.04193155410875,107.667730867524,108.53884862725
780.569843933103,287.449758961593,90.1412658691406,9.78450862853068,6954.47304434679,9.05624928849751,108.936919456535,111.275956314543
795.922507312964,287.449786046113,89.9318161010742,9.78400774172507,6955.7406157885,9.068787773394,110.207874182591,114.682131103294
809.223761014408,287.449809403299,89.7506790161133,9.78357382345606,6956.83684138021,9.07754747546711,111.298749168894,118.341122242179
824.907502273796,287.449836819498,89.537467956543,9.78306222448007,6958.1271758249,9.09210364321875,112.573759483295,121.058340772424
840.769813385443,287.449864415275,89.3222579956055,9.78254485038234,6959.42960744359,9.10717715383984,113.850739326699,123.61196240857
856.811047862633,287.449892191291,89.1050415039063,9.78202168984978,6960.74418240869,9.12281995988822,115.129114348362,125.984018819674
873.031361331581,287.449920148189,88.8858337402344,9.78149274203596,6962.07080837537,9.13455928669894,116.409054200733,129.790974629092
884.727154411259,287.44994022849,88.7280502319336,9.7811113690269,6963.02570018997,9.1453255386698,117.325884347518,131.663604079725
898.883122688159,287.449964447399,88.5373764038086,9.78064981236769,6964.17964130647,9.15258061372227,118.424757621118,135.970778035836
915.565320083406,287.449992872229,88.3131103515625,9.78010593401943,6965.5368795875,9.17467422978525,119.712342537183,136.101941213355
930.007818243583,287.450017382011,88.1193161010742,9.77963512076504,6966.70970522371,9.17645855510551,120.813070938807,142.413140821151
944.582797729527,287.450042026601,87.9241027832031,9.77916002814383,6967.89111893001,9.19647302955457,121.920117306363,142.177804235367
956.82984799135,287.450062666982,87.7603378295898,9.7787608460379,6968.88220992176,9.20365699799458,122.84062252483,145.410893454892
971.648230305873,287.45008755959,87.5625228881836,9.77827789580588,6970.07936842322,9.21506785182541,123.949031652413,148.302575993497
989.10426205385,287.450116772546,87.329963684082,9.77770903073215,6971.48679612461,9.22982697520481,125.24317813156,151.178392888251
1009.27611726266,287.450150385638,87.0618438720703,9.7770517369986,6973.10943347485,9.24209255909372,126.723115152275,156.14253108068
1029.68504593731,287.450184241379,86.7912521362305,9.77638679039094,6974.74703068912,9.26109231744833,128.207581811183,158.722611404463
1047.73781495716,287.450214064722,86.5524749755859,9.77579867946076,6976.19208891267,9.27026496833768,129.506487274341,163.671774174758
1065.97265873989,287.45024407478,86.3118286132813,9.77520469387958,6977.64845937909,9.28254778219685,130.806861366285,167.529674809606
1081.74765132286,287.450269946605,86.1040802001953,9.77469088582653,6978.90573437118,9.29306748411675,131.924767793477,170.85618336412
1097.65692215669,287.450295956152,85.8949813842773,9.7741727520396,6980.17118188158,9.31348829057007,133.045492993132,170.665587957556
1111.01723887573,287.450317736149,85.7196960449219,9.77373766850192,6981.23199322727,9.3191861355114,133.97746749623,174.559346550554
1132.58798424585,287.450352783743,85.4373092651367,9.7730352774426,6982.9409730026,9.33693709950553,135.473566821401,177.732985010564
1154.39812316396,287.450388077443,85.1525573730469,9.77232517621789,6984.66426622808,9.35115294077554,136.971679622783,182.195014359657
1173.67883260781,287.450419161692,84.9014739990234,9.77169750299119,6986.18380056483,9.3579791497991,138.281335439832,188.116229113201
1193.14346853283,287.450450435037,84.6486053466797,9.77106390721219,6987.71413924782,9.38434142009283,139.599858225284,187.119274385123
1212.79235188453,287.450481897763,84.3939590454102,9.77042438571519,6989.25523610463,9.39102978384086,140.914011984912,193.130456239345
1229.78097906581,287.45050901675,84.1742935180664,9.76987150515617,6990.5846324165,9.40880106182337,142.044845514992,194.030588660126
1249.77256387193,287.450540831881,83.916389465332,9.7692209614123,6992.14544489658,9.40831637921353,143.363145630305,202.617283976548
1267.05541690497,287.450568253287,83.6939544677734,9.76865862204764,6993.49160179685,9.42467197668409,144.49645421292,204.053560646628
1284.47429264733,287.450595814497,83.4702529907227,9.76809190900991,6994.84542331881,9.43962863355344,145.631361114083,206.0031674619
1302.02931041352,287.450623515637,83.2452926635742,9.76752081905275,6996.20686329005,9.44366233322101,146.766997173221,211.828444323169
1322.68249635189,287.450656010648,82.9812622070313,9.76684901225014,6997.80475222326,9.46853435871549,148.094650057472,211.52271528896
1340.53326140123,287.450684015367,82.7536087036133,9.76626842708356,6999.18249105869,9.47425127153898,149.232473875952,216.784076576263
1358.52074398985,287.450712160363,82.5247192382813,9.765683448887,7000.56770982614,9.49297534974706,150.37526595811,217.476514460823
1376.64517957997,287.450740445726,82.2946090698242,9.76509407998875,7001.96031618077,9.50078419317824,151.51483857992,222.029823225389
1401.02426957188,287.450778378036,81.9859161376953,9.76430140207766,7003.82849845968,9.51944836089451,153.040229127625,225.220156656268
1422.55618786626,287.450811773765,81.7140502929688,9.76360139577283,7005.47380646806,9.518056238552,154.373055072447,234.260452834009
1441.16111142957,287.450840551008,81.479736328125,9.76299661176969,7006.89185382602,9.53651214705232,155.518931987211,235.122525342126
1459.90350074717,287.450869468922,81.2442398071289,9.76238741385646,7008.31705790904,9.55419024617578,156.670501592732,236.27686725387
1475.62749174191,287.450893674671,81.0470962524414,9.76187637702713,7009.51015323756,9.56251924435911,157.625688129977,239.496315237126
1494.62269135949,287.450922850587,80.809455871582,9.76125908185681,7010.94833177056,9.56887303762691,158.776587663413,244.647329178948
1513.75606071495,287.450952167275,80.5706634521484,9.76063736114351,7012.39348233896,9.57902544272532,159.926592452163,248.481626907609
1536.25302303466,287.450986548026,80.2906265258789,9.75990642106162,7014.08824100898,9.60014175038451,161.273623536849,249.732825104536
1555.68624533853,287.451016169783,80.0493545532227,9.75927510145443,7015.54839761382,9.61216551476408,162.425985809476,252.946815378413
1575.25804560678,287.451045932349,79.8069686889648,9.7586393405057,7017.01529539196,9.61912452777264,163.581651434718,257.942873815751
1594.96842783049,287.451075835721,79.5634613037109,9.75799914277371,7018.48898051581,9.641362105488,164.741468242632,257.626202271696
1618.13979829103,287.451110900931,79.2779693603516,9.75724663000334,7020.21675246601,9.64765347468743,166.09301788725,264.125570033024
1638.15162733186,287.451141109326,79.0320816040039,9.75659678799331,7021.70484338485,9.65772443393331,167.25451681958,268.08063149594
1658.3029807948,287.451171458459,78.7851028442383,9.75594249161767,7023.19953695973,9.67684710504404,168.418488735238,268.903375239671
1681.98895299761,287.451207043607,78.49560546875,9.75517351594338,7024.95154943035,9.67701977476002,169.771459006415,277.574461183371
1705.8653249921,287.451242820193,78.2046508789063,9.75439846347044,7026.71238083315,9.68727279125622,171.129417373613,282.758834931979
1729.9319542544,287.451278788134,77.9122695922852,9.75361733112514,7028.48184647846,9.71218706453215,172.493201274238,282.879478817162
1750.71210714057,287.451309770028,77.660530090332,9.75294294189826,7030.00535164331,9.71888380998377,173.658950348458,288.08019623344
1771.63273371209,287.451340892367,77.4077606201172,9.75226407725209,7031.53509008485,9.73481579122232,174.831934846753,290.097455166611
1792.69366759015,287.451372155077,77.1539611816406,9.75158072973396,7033.07106180306,9.74696128397639,175.999647856532,293.440711104923
1817.44260182313,287.451408805539,76.8565902709961,9.75077782064719,7034.87072421094,9.75968140327899,177.367928617588,297.859158202721
1842.3830199705,287.451445646803,76.557861328125,9.74996881207812,7036.67860530955,9.76031474986094,178.73605182634,306.466471882999
1863.9130410119,287.451477376773,76.3007431030273,9.7492705022157,7038.23466203039,9.77999866090827,179.911640545777,307.254467552678
1885.58435347048,287.451509246703,76.0426483154297,9.7485676971947,7039.79662882097,9.79245238679709,181.087319298592,310.551163620603
1911.04621403024,287.45154660503,75.7403106689453,9.74774206364744,7041.62634947416,9.8052042435124,182.462523638205,315.026823349161
1936.70057004329,287.451584153516,75.4366760253906,9.74691029752354,7043.46391943873,9.81661067080193,183.838273036903,319.983102495454
1962.54790041666,287.45162189196,75.1317596435547,9.74607239040384,7045.30924636983,9.83910877784892,185.219394367706,321.148478831509
1988.58840579877,287.451659820149,74.8255767822266,9.7452283379793,7047.16223792262,9.85077804727996,186.598601897475,326.052674747426
2014.82235643931,287.451697937863,74.5181427001953,9.74437813188318,7049.02280175227,9.85585012830941,187.98098399982,333.234636858999
2033.67939495679,287.451725280706,74.2977981567383,9.74376707198551,7050.3563074095,9.87335421027925,188.971099170404,333.619126190591
2056.43826792028,287.451758219474,74.0325622558594,9.7430296512032,7051.96149158505,9.8826951341633,190.158706632335,338.088511860736
2075.51307030953,287.451785774469,73.8108520507813,9.74241167196034,7053.30326210543,9.88159042166756,191.146907000641,344.8609410668
2098.53355852771,287.451818967546,73.5440063476563,9.74166593922172,7054.91818866156,9.90430077341684,192.339940872462,344.782921462924
2125.57151320111,287.451857867808,73.2315826416016,9.74079018277279,7056.80894925377,9.92179219894698,193.728260879736,347.789221778704
2152.80402494967,287.451896956272,72.9180068969727,9.73990824270379,7058.70668188139,9.93784256787815,195.122037358027,351.3073105343
2176.30139061913,287.451930610248,72.6483154296875,9.73914736987943,7060.33883075011,9.94371883203265,196.317425382287,357.022792768802
2199.94249693211,287.451964402095,72.3777923583984,9.73838193869996,7061.9760124126,9.95930063208371,197.512235231037,359.445142003762
2223.72709794575,287.451998331621,72.1064605712891,9.73761195284047,7063.61808835159,9.97143506897918,198.711027403219,363.054500164468
2247.65535762347,287.452032398627,71.8343124389648,9.73683741311249,7065.2651047395,9.98391661023034,199.908167794721,366.559169054014
2275.75371267414,287.452072316957,71.5158081054688,9.73592801653431,7067.19266475032,9.99647929827257,201.310478094243,371.343566955862
2304.04836149141,287.452112421805,71.1962356567383,9.73501239795799,7069.12668889992,10.0019317458984,202.711757842244,378.555033441353
2336.62582018808,287.452158483873,70.8297348022461,9.73395835065673,7071.34471960393,10.0225886020105,204.32025427215,381.925634688079
2361.22769697965,287.452193189693,70.5539703369141,9.73316247877802,7073.01362171884,10.0246891964262,205.520682643387,389.002325835822
2385.97404958936,287.45222803178,70.277473449707,9.73236202413152,7074.68695638606,10.03729803346,206.726654894418,392.533428109908
2410.86555067217,287.452263009903,70.0002365112305,9.73155698944322,7076.364769778,10.0575545132269,207.937740307698,393.494422282742
2440.08890678897,287.452303989338,69.6758880615234,9.73061197876515,7078.32769786241,10.0790661602726,209.353176517,395.353275667822
2469.51014681242,287.452345153234,69.3505783081055,9.72966071749522,7080.29644367173,10.0885595965402,210.762045180259,401.284863066699
2499.12934072933,287.452386501204,69.0243301391602,9.72870319419337,7082.27086868869,10.0912607164875,212.179957586517,409.517346529225
2524.67498833488,287.452422088528,68.7439498901367,9.72787748211043,7083.9677051176,10.1126058011525,213.398198166683,410.179218027363
2558.96307136782,287.452469747771,68.3690719604492,9.72676936383758,7086.23643313858,10.1219067029488,215.014579697215,417.526734034459
2589.17846429511,287.452511645556,68.0401000976563,9.72579302104667,7088.22734170942,10.1552417074799,216.443620508629,415.511599609055
2615.23577508179,287.45254770317,67.7574310302734,9.72495116612859,7089.93802986428,10.1442107067265,217.658127178922,427.08942171451
2645.82073274138,287.452589939448,67.4268646240234,9.72396316444489,7091.93858847086,10.1688687832963,219.081985498039,428.02287101218
2676.60543489829,287.452632357377,67.095458984375,9.72296887689073,7093.94422604363,10.1689647697894,220.511102100039,437.199429814712
2703.1519970512,287.45266885985,66.8107452392578,9.72211159610637,7095.66728840701,10.2033181688168,221.739293597083,433.611559473635
2734.30875894125,287.452711613963,66.4778366088867,9.72110558243103,7097.68202194648,10.2261735711788,223.172430350212,435.210151394956
2765.66554961249,287.452754548493,66.144157409668,9.72009326718283,7099.70141890035,10.2231111134787,224.599915193214,445.478616903153
2792.70312260848,287.452791492905,65.8575286865234,9.71922053720619,7101.43607054111,10.2345194630996,225.833067735847,449.604996563703
2819.8880199556,287.452828569525,65.5703582763672,9.7183431638739,7103.17400042368,10.2379981317926,227.063563913388,456.383444707891
2851.79108419188,287.452871992509,65.2346420288086,9.71731367797189,7105.20572541365,10.270053783467,228.501882999765,454.983876861215
2879.29670784064,287.452909355159,64.9463272094727,9.71642622253561,7106.95058115919,10.2603355186042,229.730302420779,466.172129071236
2911.574008442,287.452953111548,64.6093139648438,9.71538496733305,7108.99015546053,10.2948748306609,231.181514242352,463.98615986707
2944.05376982386,287.45299704725,64.271614074707,9.71433736657483,7111.03388527966,10.3182391267112,232.628966184626,465.537571337927
2976.73545184266,287.453041162146,63.9332733154297,9.71328342537192,7113.08149358205,10.3344034002127,234.076350967438,469.496281077511
3000.20370549406,287.45307278244,63.6912078857422,9.71252670868828,7114.54645211856,10.3291114930164,235.103231084892,477.910464574774
3028.50216175441,287.453110847366,63.4003105163574,9.71161436984511,7116.30693722821,10.3503097011234,236.348932842921,478.891945948006
3056.95024955296,287.45314904379,63.1089668273926,9.7106973498274,7118.07012342443,10.3468295442078,237.595473162635,488.047737067117
3090.3281767891,287.453193772443,62.7685203552246,9.70962157352438,7120.13047531469,10.3690362112014,239.04673501961,490.057835444336
3119.09990240936,287.453232253694,62.4762535095215,9.70869439866033,7121.89924837371,10.3929369787344,240.294724249603,490.191128943094
3152.85606422415,287.453277314618,62.134765625,9.70760678002274,7123.96590279928,10.394294492762,241.753070361092,499.111520663979
3181.95291709725,287.453316080677,61.8416290283203,9.706669436054,7125.73993951416,10.3830126543347,242.994038750412,510.860053826717
3211.19961030677,287.453354978213,61.5481185913086,9.70572739104825,7127.51623867761,10.4364822760033,244.261277077451,501.302572297004
3245.51106814214,287.453400524885,61.2052230834961,9.70462239379552,7129.59141191464,10.4525581856108,245.722332104884,505.414261081129
3280.02781628887,287.453446250631,60.8618431091309,9.70351099822646,7131.66951710034,10.4878970396817,247.189039651364,503.217850477593
3314.74982446863,287.453492155546,60.5180015563965,9.70239317048624,7133.75041571743,10.4749182839689,248.657865717639,516.895548139596
3344.67508293758,287.453531645308,60.2229270935059,9.7014299323752,7135.53618022695,10.4720604059612,249.911155493641,525.906497979264
3369.72834294022,287.453564654123,59.9767951965332,9.70062363267454,7137.02574866322,10.4904455612277,250.962153154079,526.617303589176
3404.97995798045,287.453611020341,59.6318511962891,9.69948928572671,7139.11331919498,10.4995299827859,252.438954049776,533.07855744979
3440.43783831561,287.453657566241,59.2865142822266,9.69834849918947,7141.20326760636,10.5333950930053,253.914457931716,531.452954150095
3470.99493128422,287.453697605886,58.9902153015137,9.69736555265589,7142.99644278926,10.5558557229222,255.184468300934,532.22475841028
3506.8371459539,287.453744486014,58.6441993713379,9.69621278905131,7145.09050054601,10.5635538682028,256.664312169777,539.179216761643
3537.72383672511,287.453784812468,58.3473472595215,9.6952195756959,7146.88702322934,10.5634259706194,257.927794783893,547.338859781334
3573.9513264345,287.453832027622,58.0007171630859,9.69405481867008,7148.98479786589,10.5771093342851,259.415300115187,552.360104595261
3605.16884841397,287.453872641621,57.703369140625,9.69305130529931,7150.78432175651,10.5833083147344,260.684282882316,558.470970337582
3636.53971751209,287.453913388608,57.4058113098145,9.69204303416872,7152.58511538868,10.6025386408742,261.960454429122,560.354781379438
3668.06339924282,287.453954268769,57.1080589294434,9.69103000530481,7154.38708641756,10.6167790742073,263.23580556367,563.872214563382
3699.7404350742,287.453995282298,56.8101234436035,9.69001220786687,7156.19016558451,10.6590828769794,264.523205785257,558.300049900303
3736.89110148244,287.454043300249,56.4623107910156,9.68881874808366,7158.29509694613,10.6509103650732,266.012462069922,570.466924013596
3768.90140040452,287.454084603452,56.1640167236328,9.68779061514257,7160.10034621681,10.6653976036416,267.297959728603,573.937827473406
3795.69405254058,287.454119125175,55.9153251647949,9.68693017999389,7161.60540549994,10.6814646212088,268.364204212669,575.546995978699
3838.78557738382,287.454174553892,55.5172233581543,9.68554657499475,7164.0146823669,10.695831236138,270.077138683156,581.803031981522
3871.28371344274,287.45421628239,55.2185173034668,9.68450328988511,7165.82242494825,10.7146149918308,271.368695692231,583.919835506461
3909.39433633455,287.454265136077,54.8698844909668,9.68328006083499,7167.932319845,10.7158239646374,272.868643713738,593.080078936702
3947.71601490735,287.45431417739,54.521125793457,9.6820502966,7170.04297658668,10.7639315424994,274.382686663901,587.141725907889
3980.73084543308,287.454356370821,54.222110748291,9.68099101903989,7171.85258915104,10.7533630070602,275.670017120588,598.745219722555
4008.36186183535,287.454391649288,53.9728813171387,9.68010461971387,7173.36090358977,10.7761979699381,276.755016119957,598.239152975897
4041.6623249196,287.454434130706,53.6737518310547,9.67903651410367,7175.17120874042,10.7902156364947,278.051188491229,601.94676217174
4080.70912658004,287.454483904752,53.3247184753418,9.67778430499018,7177.28352768921,10.8106736255616,279.564723931867,604.968082722152
4114.34685203072,287.454526758571,53.025520324707,9.67670577202998,7179.09424839165,10.8172563211414,280.867727494725,611.079917609599
4148.14104938682,287.454569795624,52.7263031005859,9.67562240791361,7180.90508452513,10.8014985976777,282.164149263516,624.350391693609
4182.09158148314,287.454613022888,52.4270820617676,9.67453421910768,7182.71594374483,10.8365289794477,283.470682506798,621.364765713423
4216.19810671569,287.454656447215,52.1278800964355,9.67344121460821,7184.52668753347,10.8572715836372,284.777589352404,622.967361672926
4256.18636756227,287.454707366929,51.7788467407227,9.67215995389995,7186.63900648226,10.8687624116114,286.297400322858,628.910927509167
4290.63143777661,287.454751241043,51.4797210693359,9.67105651763229,7188.44928854671,10.8306202426743,287.600674031326,649.320547565247
4331.01407380018,287.454802703255,51.1308212280273,9.66976312343325,7190.56079947815,10.8499171880604,289.117386150451,652.776694286058
4365.79606687243,287.45484705721,50.8318519592285,9.66864932359922,7192.37013500799,10.7995379485558,290.402359167609,677.053018666145
4400.73257054342,287.454891642327,50.5329856872559,9.66753076935339,7194.17884721016,10.7580475809951,291.683618425173,698.472383397316
4435.82350926334,287.454936464521,50.2342338562012,9.66640748050711,7195.98686682604,10.7322193867512,292.971004234038,714.891074664932
4476.95685644948,287.454989064413,49.8858680725098,9.66509102284833,7198.09514568809,10.7007947185027,294.462059123229,734.437002216889
4512.37957520306,287.45503441987,49.5874443054199,9.66395756860216,7199.90117988991,10.6563634114213,295.731271263583,756.720767740782
4553.89699756203,287.455087657001,49.2395172119141,9.6626293384562,7202.00680383783,10.5790606999177,297.202513838486,790.751930072747
4589.64700726373,287.455133571227,48.9415168762207,9.66148586090756,7203.81027547035,10.4883854446178,298.44468822231,827.604825485807
4631.54381560721,287.455187474457,48.5941390991211,9.66014604366092,7205.91257500404,10.4358572641005,299.905190858547,853.695388010728
4673.6426897872,287.455241747668,48.2471046447754,9.65880006055115,7208.01279677883,10.3305005209732,301.334443328503,896.430087514968
4709.88649700442,287.455288567768,47.9499473571777,9.65764150543682,7209.81116635896,10.2839443378612,302.558209557014,919.199099542239
4746.27662979194,287.455335669859,47.6530914306641,9.65647850105365,7211.6077121285,10.1962715426387,303.77048659644,954.898251419573
4782.81145348481,287.455383058408,47.356559753418,9.65531107397958,7213.40229557021,10.1057774205936,304.970764086329,991.432937360287
4825.61735652026,287.455438712864,47.0110359191895,9.65394355648033,7215.49337520587,10.0363983452364,306.368764488702,1022.60161167336
4862.46280987642,287.455486736743,46.7152633666992,9.6527666919337,7217.2833644918,9.96321929932731,307.55347212051,1053.58666186266
4899.44983526634,287.455535060329,46.4198760986328,9.6515855288472,7219.07102207053,9.90241928735813,308.734288597587,1080.64004976853
4936.5773511827,287.455583687533,46.1248931884766,9.65040011340209,7220.85623251101,9.81398145673205,309.895855389656,1116.32453735261
4980.06902094244,287.455640808051,45.7812843322754,9.64901178586682,7222.93572286929,9.72092518851998,311.246899474803,1154.71716230523
5017.49816449732,287.455690105915,45.4872398376465,9.64781724854632,7224.71525410213,9.66406408191003,312.403192202918,1180.40275444016
5061.33887889714,287.455748018709,45.144775390625,9.64641835125711,7226.78781859745,9.59349562294994,313.733166362425,1211.6467989954
5105.36586562567,287.455806365935,44.8029708862305,9.64501384973427,7228.85638917844,9.52960557217215,315.058683267057,1240.75338906528
5149.57711477694,287.455865152809,44.4618492126465,9.64360376780118,7230.92082732787,9.45667348141591,316.370099421709,1272.63306385293
5193.9716428715,287.455924384348,44.1214408874512,9.64218815896794,7232.98094835604,9.38199674744242,317.675170342054,1305.00246320471
5232.16984226578,287.455975511818,43.8302421569824,9.64097040673228,7234.74325727627,9.33286173672298,318.791220431683,1328.07294164603
5270.50137876684,287.456026972476,43.5395965576172,9.63974861243195,7236.50221869607,9.33621221955802,319.925082784627,1334.78726244647
5308.96595076739,287.456078769196,43.2495231628418,9.63852284411189,7238.25771718439,9.28109300369676,321.018384227549,1359.66884889559
5347.56326662225,287.456130904734,42.9600219726563,9.63729306539697,7240.00975274121,9.25581107120374,322.121126994015,1374.77737784277
5392.75978150603,287.456192161314,42.6230278015137,9.63585334200885,7242.0492116115,9.15687635254808,323.405766394059,1414.46777878962
5438.13565605355,287.456253886792,42.2868614196777,9.63440824976642,7244.08366077424,9.15378308866104,324.679113264396,1424.39896430916
5477.1712151611,287.456307170564,41.9993896484375,9.63316533071909,7245.82341446739,9.12256918493571,325.770096555734,1441.74437420913
5516.3375074974,287.456360804141,41.7125549316406,9.63191848909842,7247.55931276349,9.10823342649993,326.853405532546,1453.85044648431
5555.63465863303,287.456414789609,41.4263610839844,9.63066772725439,7249.29133257631,9.08646439548134,327.951864732963,1468.24049591521
5601.64615091193,287.45647821992,41.0932998657227,9.62920358011461,7251.30698956418,9.09298686305632,329.223160974191,1475.1604253175
5647.83497710212,287.456542134682,40.7611427307129,9.62773413330743,7253.3171751203,9.08514733745224,330.486961762464,1486.50542310425
5694.2005947344,287.456606536717,40.4299087524414,9.62625938621077,7255.32177381362,9.05564868245712,331.748449810795,1504.50789224616
5740.74418412615,287.456671428763,40.0996017456055,9.62477936064127,7257.32076255793,9.03717981574282,333.015527869119,1519.09294096418
5780.7797734231,287.456727442564,39.8172378540039,9.62350652740521,7259.029603816,9.02446176317153,334.096676472563,1530.62505546099
5820.94501421519,287.456783819983,39.535587310791,9.62222982816458,7260.73412795281,9.05961152362048,335.184601141145,1527.45500997541
5861.24164002144,287.456840562614,39.254638671875,9.62094920587124,7262.434404227,9.03820855527609,336.27488105056,1541.64015745223
5901.66844608379,287.456897672019,38.9744148254395,9.61966471838195,7264.13029412131,9.06191515383202,337.362992798541,1541.99225337061
5942.22638779331,287.456955149732,38.6949119567871,9.6183763465688,7265.82182072194,9.05158073528073,338.445057781637,1552.7710820117
5989.70918447024,287.457022674546,38.3697662353516,9.61686827782478,7267.78957382423,9.12381288664631,339.73319553695,1539.57009248173
6030.55132406205,287.457080955331,38.0918655395508,9.61557142782192,7269.4714042167,9.10427732576615,340.832942170417,1553.16152450417
6071.5243220767,287.457139609044,37.8147163391113,9.61427067131671,7271.14868662581,9.11212471764494,341.911377678873,1558.38311751042
6126.3608489912,287.457218396516,37.446361541748,9.61253022621952,7273.37793722783,9.13579020525733,343.387224787161,1561.32461100898
6160.75279868161,287.457267978057,37.2168273925781,9.61143890440158,7274.76705756476,9.17950258591512,344.305477007271,1554.36416991198
6202.14445864048,287.457327821789,36.9420967102051,9.61012571639198,7276.42970331678,9.17333431651629,345.409726835564,1563.86520920325
6236.73886564805,287.457377980689,36.7137451171875,9.60902838523492,7277.81166692863,9.19026885672901,346.33201017793,1565.0685076487
6278.37415320636,287.457438519438,36.4404411315918,9.60770796797662,7279.46567843815,9.2213807707947,347.442794102666,1563.24382998959
6313.17216952902,287.457489259317,36.2132873535156,9.60660459507465,7280.84039298009,9.24413338250358,348.370189288001,1562.69672285806
6362.04547100642,287.457560740932,35.8961982727051,9.60505524362834,7282.75938800703,9.27521371609181,349.67260546993,1562.17848115208
6404.08229304338,287.457622426147,35.6252670288086,9.60372291892152,7284.39903989398,9.3032783254834,350.792915304204,1561.31588694133
6453.29548161104,287.457694878356,35.3101997375488,9.60216349763275,7286.30579922967,9.33630127732733,352.104466688393,1560.24005251045
6495.62459096278,287.457757398232,35.0410194396973,9.60082251453001,7287.93485454627,9.36562582933766,353.232173943745,1559.0232813336
6545.18006091192,287.457830827285,34.7280044555664,9.59925295713133,7289.82919350102,9.40369105136858,354.554153493711,1556.4574982373
6594.92096115614,287.457904784773,34.4161033630371,9.59767791441713,7291.71679128248,9.44005075050365,355.880252497179,1554.4252407575
6644.84807856067,287.457979272319,34.1053276062012,9.59609736405822,7293.59757863201,9.48498629984802,357.214420458648,1549.83094685861
6694.96206697018,287.458054291482,33.7956848144531,9.59451129041245,7295.4715093772,9.51657229320565,358.549645852202,1549.27468091376
6738.06627671618,287.458119017883,33.531177520752,9.5931473848889,7297.07228408665,9.55090253256741,359.700332875437,1546.63096749755
6781.30898657127,287.458184136868,33.2675132751465,9.59177939070344,7298.6679567437,9.5905455461832,360.857910877162,1542.40921894533
6824.69064593955,287.458249649305,33.0046997070313,9.59040729289405,7300.25848117594,9.62286262226655,362.016862127153,1540.40125318884
6875.47897787683,287.458326578879,32.6991539001465,9.58880130924909,7302.10761733168,9.66442883779446,363.375057686112,1536.92033509601
6919.16344395932,287.458392946628,32.4381866455078,9.58742027721633,7303.68696803832,9.70285208365594,364.544072555086,1533.11925880824
6962.98848652898,287.458459710367,32.1780815124512,9.58603510159692,7305.26110126153,9.73724092872374,365.71800045403,1530.54122063129
7006.95459923754,287.458526870826,31.9188423156738,9.5846457690546,7306.82999391508,9.77544921559472,366.896163381873,1526.83783236143
7065.79652662715,287.458617036421,31.5745468139648,9.58278683085646,7308.91363979115,9.8262421627271,368.474295510758,1521.97375405936
7110.09397636377,287.458685125204,31.317346572876,9.58138773869931,7310.4701928655,9.85684829386201,369.660425397364,1520.57613746265
7161.95483150578,287.458765066329,31.0183963775635,9.57975015559723,7312.27941296429,9.89867001079431,371.051993819029,1517.14387427929
7214.01087046415,287.458845551327,30.7206554412842,9.57810682829088,7314.08131473454,9.93472641381078,372.4479637564,1515.44703880633
7273.7438866907,287.458938201239,30.3818702697754,9.57622166848149,7316.13161258039,9.99474674672284,374.054801098657,1507.94623269724
7326.22145211638,287.459019854468,30.0867404937744,9.57456595083631,7317.91771183995,10.0397524598901,375.466242299796,1503.6418575189
7371.35982053087,287.459090277764,29.8347568511963,9.57314213272977,7319.44269452223,10.0695165122654,376.677019168394,1502.5805693621
7409.08682310663,287.459149270765,29.6254615783691,9.57195234220472,7320.70933097245,10.1113495898895,377.695283955293,1496.66789232536
7454.49327375891,287.459220431002,29.3751487731934,9.57052065234472,7322.22420189479,10.1496191937781,378.919429478206,1493.12105550579
7500.04734397319,287.459291993709,29.1257495880127,9.56908463847905,7323.73354366986,10.1906086791595,380.148928193932,1488.78860993002
7545.74889819068,287.459363959203,28.8772716522217,9.56764429197445,7325.23731012524,10.234136565268,381.38506566126,1483.72646049618
7591.59895574243,287.459436327764,28.6297206878662,9.56619959677358,7326.7354666316,10.2753018886346,382.623515064039,1479.38055213137
7629.92101693992,287.459496942975,28.4241390228271,9.56499234602154,7327.97962865646,10.3015390679121,383.653766230679,1478.14946772949
7668.34687684313,287.459557838389,28.2192058563232,9.56378205654014,7329.21986602563,10.3435767401405,384.694741631685,1472.27964970731
7714.59546959563,287.459631282897,27.9741401672363,9.56232568252279,7330.70298186623,10.3792755808873,385.946861629018,1469.59141890662
7768.74244659045,287.459717478515,27.6894245147705,9.56062101249391,7332.42605577272,10.4360816986827,387.416180829617,1462.02623769205
7830.87702180538,287.459816661018,27.365608215332,9.55866543583866,7334.38576333085,10.4888795117713,389.098908176439,1456.97393734715
7869.84822186711,287.459879014825,27.164083480835,9.55743918686455,7335.60537317146,10.5219188287224,390.155501399356,1453.81984129549
7908.9254907337,287.459941649232,26.9632225036621,9.55620983792137,7336.82096601154,10.564283549545,391.217962706165,1447.95019650495
7955.95865170623,287.460017168669,26.7230644226074,9.55473051654386,7338.27438144309,10.6124706614837,392.49965609445,1441.70306986775
8011.02515437978,287.460105702055,26.4440956115723,9.5529989578686,7339.96267597433,10.6570862770634,393.995092972407,1437.83326502253
8058.39254072076,287.460181952491,26.2060279846191,9.55150987559584,7341.40344016285,10.7107778785973,395.288805444506,1430.02753823703
8105.91492707399,287.460258543757,25.9689311981201,9.55001626657651,7342.83832891093,10.7418681935417,396.581644513693,1428.83523529609
8161.55485199858,287.460348336288,25.6935520172119,9.54826797614196,7344.50489931864,10.7990798386112,398.100715079159,1421.36450437548
8217.40779432596,287.460438604366,25.4195022583008,9.54651347152678,7346.1634241822,10.8412738565314,399.625302063876,1418.29293230023
8257.43378317705,287.460503376157,25.2245807647705,9.54525643175524,7347.34307179344,10.8841700776755,400.72073389017,1412.4057634481
8297.56946193113,287.460568395994,25.0303401947021,9.54399620045865,7348.51859851621,10.9160480947365,401.816057928109,1409.73474152573
8345.8774769773,287.460646750372,24.7981586456299,9.54247969220723,7349.92374068282,10.9750689709097,403.140982236991,1400.5221365708
8402.43791193771,287.460738624475,24.5285491943359,9.54070457771865,7351.55539319803,11.0241351987974,404.690979926439,1395.54400432996
8451.09146297432,287.460817772944,24.2985286712646,9.53917800888657,7352.94745702672,11.0647459639558,406.026582131693,1391.71564450765
8499.90580430184,287.460897293966,24.0695171356201,9.53764676816361,7354.33341455289,11.1211512717913,407.367947923045,1383.34184734694
8557.05981118267,287.460990544425,23.8036117553711,9.53585438628514,7355.94265035827,11.1857163794507,408.938759159005,1373.96513356072
8622.64885224425,287.461097751331,23.5014057159424,9.53379809527329,7357.77157453723,11.2493870316349,410.750137704022,1366.20978979931
8672.03091893299,287.461178606088,23.2759323120117,9.53225034780044,7359.1361196037,11.2999786362675,412.111343000204,1359.60293749922
8721.57662453433,287.46125985034,23.0514850616455,9.53069785917201,7360.4944544797,11.3328478131693,413.471532790019,1358.11896387807
8762.99017546466,287.461327854083,22.8652210235596,9.52940047257909,7361.62170793754,11.3503408044226,414.613168501243,1359.73854858548
8812.83790466527,287.461409821994,22.642650604248,9.52783921023355,7362.96868439826,11.4181746932423,415.995950961939,1348.23590338461
8862.85144212702,287.461492189801,22.4212875366211,9.52627314940985,7364.30835407354,11.4553467195024,417.372363709859,1345.56216555164
8904.65627280914,287.461561137719,22.237907409668,9.52496440992735,7365.41815435668,11.5109984699194,418.535752652783,1336.27353694225
8954.97549250803,287.461644248016,22.0191516876221,9.52338948403877,7366.74204460749,11.5623591020237,419.930687305616,1329.5707388223
9022.32896605122,287.461755700198,21.7296886444092,9.52128201652459,7368.49384930221,11.6484604066477,421.80077639015,1315.62982856956
9064.5774483392,287.461825731702,21.5500602722168,9.51996043659598,7369.5809442979,11.6700431455315,422.976665195616,1316.15150300908
9115.43107966764,287.461910152533,21.3358058929443,9.51837003500683,7370.877592821,11.738551981587,424.396471798982,1304.62443974572
9174.97600391181,287.462009176001,21.0876369476318,9.51650832879499,7372.37948929337,11.80623176342,426.053407293972,1294.70815080392
9226.20026848011,287.462094513627,20.8764553070068,9.51490719198219,7373.65754187439,11.8562538872543,427.483229961305,1288.51160840466
9286.17977259983,287.462194616085,20.6318702697754,9.51303293117328,7375.13774885254,11.9300736364188,429.168329130723,1276.91272623663
9346.39471341961,287.462295307255,20.3892135620117,9.5111518553819,7376.60628575158,11.9969409163858,430.852078947233,1267.32862721656
9406.84678308142,287.462396592489,20.1484813690186,9.50926393717605,7378.06317565772,12.0542256925468,432.551754838767,1260.49761415176
9458.85226842109,287.462483885256,19.9436702728271,9.50764024768061,7379.30267426817,12.1192248943974,434.015365282134,1250.16012506439
9511.0333897114,287.462571621699,19.7402744293213,9.50601149559668,7380.53360789475,12.191106381417,435.4872608908,1237.90393645867
9563.39149776706,287.462659805115,19.5382804870605,9.5043776344513,7381.75605733918,12.2417455943535,436.960536869697,1231.69119991707
9624.70032804587,287.462763255058,19.3044013977051,9.50246499623481,7383.1714728692,12.2954667471785,438.68733237869,1225.98284090778
9677.44376921619,287.462852418124,19.1054553985596,9.50082002949704,7384.3754764319,12.3401095224358,440.17263983037,1221.50742737562
9730.36643459147,287.462942038463,18.9079074859619,9.49916990532553,7385.57101889868,12.4196317029545,441.67161572005,1207.21951810459
9774.60640111833,287.463017073701,18.744348526001,9.49779084638764,7386.56086323509,12.4563957616994,442.920603830013,1203.65008080371
9836.75321960635,287.463122663785,18.5169982910156,9.49585408450352,7387.93676671683,12.5032248310517,444.677310686778,1199.98149615644
9881.29480020166,287.463198474024,18.3557624816895,9.49446633754956,7388.9125515514,12.5723358826645,445.947767322939,1187.35187314847
9934.91193295398,287.463289876828,18.1635513305664,9.49279623486347,7390.0757964105,12.6039509157188,447.467524985341,1186.64128619744
9997.69681216497,287.463397110992,17.9410514831543,9.49084113123877,7391.42234577634,12.6874927735286,449.255220013081,1172.74354444637
10051.7116758117,287.463489541747,17.7518348693848,9.48915960567716,7392.56746796065,12.7443766807705,450.790072307701,1164.99249370372
10114.9624870401,287.463597983696,17.5328140258789,9.48719110974609,7393.89296270305,12.8052975867645,452.58938580484,1157.50530045425
10178.4668300739,287.463707082987,17.3156566619873,9.48521535895484,7395.2071798319,12.8740689059561,454.404583133418,1147.85611664096
10233.1011822639,287.463801123533,17.1309947967529,9.4835160502403,7396.32473708157,12.9229969678764,455.959248435054,1142.41039477485
10287.9235052763,287.463895653633,16.9476890563965,9.48181136594756,7397.43408718361,13.012917099736,457.52951569229,1125.55670432042
10342.9339242972,287.463990676311,16.7657375335693,9.480101285657,7398.53524168114,13.0520157994537,459.106106562044,1122.90467881986
10398.1339366578,287.464086194569,16.5851249694824,9.47838577994385,7399.62829291898,13.0981023595639,460.684880477136,1118.32263639423
10462.7741113864,287.464198262881,16.3761005401611,9.47637747977295,7400.89329024829,13.182321615081,462.538922914706,1104.54089635823
10527.6743813056,287.464311014517,16.168888092041,9.47436173488552,7402.14732162788,13.2368313743933,464.40077138986,1099.05239921273
10592.8367848643,287.464424454164,15.963472366333,9.47233850436272,7403.39047940261,13.3381369670831,466.277524774553,1080.62016310683
10639.5415905126,287.464505906298,15.8178405761719,9.4708887568407,7404.27183009551,13.3500406659389,467.611062581222,1084.23382988281
10705.1548376796,287.464620536218,15.6154794692993,9.46885263917265,7405.49650158764,13.4111653045664,469.50102339088,1076.9972122667
10752.1840931069,287.464702843399,15.4720153808594,9.46739363749633,7406.36473354176,13.4485505769006,470.853476881383,1073.58187367683
10799.3486834787,287.4647855097,15.3294496536255,9.46593076350131,7407.22752869344,13.5243523705957,472.213544240366,1059.57302983634
10865.6079768735,287.464901849011,15.1313724517822,9.4638762162983,7408.42627437184,13.5677614901928,474.125306905432,1057.30808849729
10932.1359172305,287.465018899998,14.9350671768188,9.46181401711124,7409.61429650573,13.6551258300681,476.046981503239,1042.9573498198
10998.933231339,287.465136667172,14.7405242919922,9.4597441441869,7410.79165281064,13.7434785528951,477.980149605998,1028.38581529071
11066.0010157499,287.465255155021,14.5477476119995,9.4576665595487,7411.95832020036,13.8019843889279,479.923860844032,1022.0655635853
11133.3419726476,287.465374368001,14.3567266464233,9.45558121863433,7413.11436216196,13.8596459318494,481.86256704809,1016.00602799066
11210.6368585615,287.465511505008,14.1405668258667,9.45318846310799,7414.42254224692,13.8969967707503,484.087560964413,1016.93924793273
11278.5651533054,287.465632286736,13.9532976150513,9.45108641415062,7415.55587892107,13.9517740964876,486.059608157052,1011.72391332976
11356.5361756284,287.465771228119,13.7414121627808,9.44867447351503,7416.83819090781,14.1130240299194,488.343427339664,978.842798108001
11405.4513862713,287.465858559507,13.6101379394531,9.44716179712064,7417.63265087814,14.1970814489468,489.766252106455,962.916596835834
11464.3387329982,287.465963860415,13.4537696838379,9.44534122369632,7418.57897770885,14.1941356634686,491.46121741453,972.161876871496
11543.1751448868,287.466105120071,13.2472543716431,9.44290472791483,7419.82879008359,14.2466466542809,493.75339233502,969.107847967452
11602.5431505672,287.466211712138,13.0938405990601,9.44107053742635,7420.75723664472,14.3018367307936,495.486793450634,962.535747875191
11662.1201749293,287.466318862031,12.9416799545288,9.4392304216068,7421.6780993859,14.4018403697017,497.221431669509,943.814410253874
11721.9054282281,287.466426572416,12.7907733917236,9.43738441461512,7422.59137253556,14.4470399585712,498.9728762653,940.018349566325
11771.8859831779,287.466516761137,12.6659708023071,9.43584157318877,7423.34666675077,14.523555352046,500.421688964212,926.336637801356
11832.0562305625,287.466625505969,12.5173416137695,9.43398468768978,7424.24615743311,14.5860992389146,502.196083942314,917.890222814757
11892.4374222851,287.466734818773,12.3699502944946,9.43212183041235,7425.13815664034,14.6227778796284,503.946586141614,916.473096595219
11963.1497671484,287.466863071711,12.1995468139648,9.42994095802958,7426.16942340889,14.6828232907804,506.003480070065,910.176139679077
12044.3187047774,287.467010602772,12.0068340301514,9.42743850332909,7427.33570410459,14.7663317838977,508.373022634229,899.001783696601
12105.4447552341,287.467121923981,11.8637142181396,9.425554639232,7428.20185252827,14.8011879433105,510.156660611187,898.143933351874
12166.7855992847,287.467233824829,11.7218046188354,9.42366472112513,7429.06067685184,14.8677811948508,511.950333641137,888.753436149186
12218.0674286328,287.467327520161,11.6044654846191,9.42208515893356,7429.77080289734,14.8979134646962,513.44835875408,887.775782511149
12279.8038313088,287.467440490315,11.4647626876831,9.42018410540105,7430.61627184848,14.9432170420558,515.253245643775,884.158933442068
12341.7573657577,287.467554047322,11.3262577056885,9.41827694395282,7431.45449172971,15.0274662827059,517.065818926605,870.108985292068
12403.9289198784,287.467668193704,11.1889524459839,9.41636365146433,7432.28545099791,15.0943035629382,518.885897398025,860.769719509898
12466.3193940708,287.467782931969,11.0528383255005,9.41444420701516,7433.10920159707,15.1572950010524,520.713683106148,852.494794156299
12528.9297551945,287.467898264613,10.9179134368896,9.41251858823247,7433.92575507029,15.2198285070354,522.548289910893,844.371488832086
12591.7607503915,287.468014194122,10.7841749191284,9.41058677638968,7434.73512873222,15.2823484753184,524.390906851267,836.28366564798
12665.3435752913,287.468150202881,10.6296396255493,9.40832514279654,7435.67036263907,15.350356127659,526.549407999192,828.201076461201
12728.6556037472,287.468267434055,10.4984569549561,9.40637984269631,7436.46426854036,15.4082240990934,528.406022729273,821.417016924932
12781.5862701861,287.468365588482,10.3900327682495,9.40475397968972,7437.12044211329,15.460440692574,529.959849767635,814.721119971566
12845.3084767741,287.46848393004,10.2609939575195,9.40279719227458,7437.9013735646,15.5224458773474,531.830355482199,806.888379884951
12909.2555692024,287.468602880701,10.1331176757813,9.40083411235518,7438.67526949345,15.5767930984076,533.70833125688,801.120096170799
12973.4285745086,287.468722442875,10.0064001083374,9.3988647171609,7439.44215298603,15.6361754140793,535.592561437425,794.042482294625
13048.583543242,287.468862708165,9.86001777648926,9.39655908223278,7440.32804589073,15.7126307086615,537.801355980861,783.917693838403
13134.8545785191,287.469024039401,9.6946325302124,9.39391347301725,7441.32894275014,15.7888660733211,540.337740295129,775.350056229692
13210.6751219437,287.469166108001,9.5515775680542,9.39158925869595,7442.19469870824,15.8563180047857,542.564748924934,767.696829625753
13265.0240331664,287.469268104195,9.4503345489502,9.38992377228337,7442.807412491,15.9064446145494,544.163786623791,761.73915333075
13341.3815903678,287.469411627824,9.30990505218506,9.38758459839772,7443.65727936513,15.9676262852332,546.407099920294,755.80566292632
13418.0539194734,287.469556005257,9.17099285125732,9.38523665060381,7444.49796369926,16.0415241127697,548.660907433123,746.555471166559
13484.0248183155,287.469680439693,9.0531063079834,9.38321712700356,7445.21140261588,16.0892009496371,550.599366349344,742.783728269347
13561.2858096391,287.469826412517,8.91691970825195,9.38085281217697,7446.03559185303,16.1580784844791,552.870173225853,734.926947688171
13649.9744360287,287.469994297105,8.76305770874023,9.37813989045131,7446.96675104383,16.2423464075469,555.481534562159,724.539894794671
13727.9202788763,287.470142126371,8.62998390197754,9.37575655850091,7447.77210193369,16.3097687888105,557.773042445653,717.152497643926
13806.1876679998,287.470290827643,8.49835968017578,9.37336430531726,7448.56868006377,16.3775728978234,560.075480134883,709.702127482001
13873.5311427807,287.470418982631,8.38669204711914,9.37130667677601,7449.24448268668,16.4444226141869,562.059252664496,701.065000609011
13952.39972788,287.470569312808,8.25775909423828,9.36889776886922,7450.02477349567,16.5184686833279,564.380269706497,692.060135460894
14031.5938964967,287.470720525145,8.13027000427246,9.36647984459634,7450.79632617421,16.588573065244,566.710732568694,684.12678360093
14122.5019477893,287.470894423946,7.98633480072021,9.36370543805696,7451.66740927525,16.6650314090162,569.382449389004,676.062643105515
14202.3984394056,287.471047538428,7.86193466186523,9.36126810755029,7452.42026789531,16.728040617282,571.733389041553,670.05828419248
14271.1438372069,287.47117949014,7.75644969940186,9.35917171632634,7453.05865354349,16.7923546285011,573.760675127158,662.263523582714
14328.617188308,287.471289952711,7.66934967041016,9.35741960594441,7453.58577520297,16.8271404860187,575.444444086258,660.673373857711
14397.8092069867,287.471423113041,7.56579256057739,9.35531089476469,7454.21249365782,16.8890058853674,577.481603978916,653.567409403418
14478.8424670929,287.47157930398,7.44630146026611,9.35284221380952,7454.93564321149,16.9643419520403,579.869091624849,644.498458909583
14548.5661601751,287.471713901987,7.34501266479492,9.35071886850456,7455.54863402876,17.039628853771,581.922707376953,633.990862074322
14630.2219681282,287.471871776053,7.22815942764282,9.34823305345171,7456.25581946827,17.0997841143732,584.321367037827,628.925538131181
14700.4808872958,287.47200782172,7.12912321090698,9.34609498673966,7456.85517787859,17.1378571321517,586.383428539152,628.089196288923
14770.9878569781,287.472144538871,7.03112077713013,9.34395011118638,7457.44827992602,17.2054536290785,588.457547438052,619.665875180267
14841.7444995365,287.472281929597,6.93414974212646,9.34179839106351,7458.03514003944,17.2570482273722,590.544794782966,615.393368617475
14936.4751820369,287.472466168601,6.80644941329956,9.33891876558639,7458.80797111685,17.3378630275037,593.318547528323,606.647639612427
15019.7305000469,287.472628366901,6.69620084762573,9.33638907408451,7459.47518566967,17.4037173227062,595.770477575958,600.284548149998
15103.3292440327,287.47279149184,6.5873327255249,9.33384997965348,7460.13404590027,17.4750747412567,598.223070098054,592.550346490317
15175.2590459827,287.472932053199,6.49511051177979,9.3316661150724,7460.69216656813,17.5442322124144,600.335936151239,583.907801691764
15259.4986587693,287.473096907607,6.38878345489502,9.32910950819218,7461.33564849715,17.6024986235799,602.811440025602,579.598838180653
15356.1974447654,287.473286458751,6.26892852783203,9.32617606904236,7462.06099989809,17.6881318355763,605.648396073805,569.855974079324
15441.1818331333,287.473453322406,6.16549730300903,9.32359912793735,7462.68695650801,17.7440776604911,608.140271345174,566.214133165942
15514.3038186979,287.473597098524,6.07790422439575,9.32138274124109,7463.21706206012,17.8025327767989,610.288716930976,560.445444706419
15587.683875804,287.473741569152,5.99128580093384,9.31915933095987,7463.74126908561,17.857708570748,612.437079510705,555.539526810773
15661.3222200923,287.473886736264,5.90563344955444,9.31692890490887,7464.25962952843,17.9129643930302,614.593216942155,550.640577793943
15722.8859401272,287.474008242306,5.83499050140381,9.31506480537939,7464.68715439256,17.9790715348688,616.400936271845,541.490489584711
15797.0006190793,287.474154691386,5.75109148025513,9.31282141941912,7465.19490383615,18.0204146802584,618.567307394961,540.172561780429
15871.3760868423,287.474301842479,5.66813850402832,9.31057096493921,7465.69692789968,18.0839978385441,620.749566220632,533.244969705223
15933.5558793298,287.474425006047,5.59972667694092,9.3086901476375,7466.11095021678,18.1087973063474,622.559582090889,534.624056394963
16008.4120841253,287.474573449186,5.51848363876343,9.30642666085059,7466.60262588672,18.1729400702653,624.752200997692,527.60632585572
16083.5315932028,287.474722599802,5.43816232681274,9.30415602668597,7467.08872335118,18.2650435524061,626.958276831026,513.570868990337
16171.5054639663,287.474897505577,5.34560346603394,9.3014978994156,7467.64888137706,18.2995702402266,629.52264992781,515.625632115911
16234.5645839847,287.475023031112,5.28024244308472,9.29959327479729,7468.04444049778,18.375324155129,631.377442715663,504.247905618178
16323.1578608811,287.475199599175,5.18977451324463,9.29691840798038,7468.59194439485,18.4380041928671,633.967349380799,499.275563641944
16412.1144049485,287.475377140992,5.10050439834595,9.29423374854003,7469.132199222,18.5222299695993,636.56508062964,488.933241604786
16488.6526994332,287.475530096996,5.0249285697937,9.2919247863055,7469.58957744133,18.5475452617797,638.796451858136,491.859793141403
16565.4596413202,287.475683772493,4.95020818710327,9.2896085911563,7470.04177857808,18.5998146817699,641.038634680633,488.047904037237
16629.6715262239,287.475812386378,4.88858509063721,9.28767288327201,7470.41471609886,18.6608255138921,642.913804970029,480.527080902153
16719.8836190279,287.475993289481,4.80328798294067,9.28495439393695,7470.93092663838,18.7897839309219,645.561990057665,459.167357880575
16810.4644751021,287.476175179548,4.71911096572876,9.28222598909739,7471.44035848952,18.8161033056478,648.192020458407,463.4899682444
16888.4003542021,287.476331873112,4.64785051345825,9.27987943209388,7471.87162043388,18.8544059806359,650.455526232352,463.28180925486
16953.5550282288,287.476463008002,4.5890941619873,9.27791838235171,7472.2272086679,18.9204740574586,652.357098273012,454.624653223029
17031.9919647624,287.476621039783,4.51933526992798,9.27555840048815,7472.64938330288,18.9554626353718,654.633124640364,455.284093123964
17110.7033845115,287.476779804143,4.45039463043213,9.27319104950235,7473.06660594583,19.0190594427842,656.929272548668,448.857070375092
17189.6894257801,287.476939302945,4.38226938247681,9.2708163486285,7473.47889391142,19.0998521497994,659.225217818095,438.199861958296
17268.9521119273,287.477099538049,4.31495761871338,9.26843426010223,7473.88625874273,19.1086319142177,661.517920522253,445.421375552659
17348.49252563,287.477260511323,4.24845457077026,9.26604474889586,7474.28872929755,19.168493503354,663.836809857181,440.006735070704
17441.6402833093,287.477449248943,4.17189025878906,9.2632476360991,7474.75208973102,19.2723122527806,666.55590386335,425.335839309837
17535.1677951511,287.477638996826,4.09642267227173,9.26044036796625,7475.20881287914,19.3809470502069,669.26978031407,409.540763424242
17629.0765459999,287.477829757952,4.02204656600952,9.25762295137869,7475.65893048545,19.4264938864216,671.995122578911,409.357210361567
17709.8739293735,287.477994076212,3.95916104316711,9.25519992914302,7476.03950809882,19.4494229343421,674.335584910254,413.183745359523
17790.9528362026,287.478159142982,3.89706921577454,9.25276944568875,7476.41528233764,19.4975241188494,676.678213910649,410.833226253146
17885.901124976,287.478352669443,3.82563161849976,9.24992438468391,7476.84761634787,19.5883386105636,679.436134781568,399.60670548902
17981.2356551036,287.47854722031,3.75526332855225,9.24706908111776,7477.27347900489,19.6441027015144,682.192704394476,397.02665476974
18063.258849897,287.478714795841,3.69579672813416,9.24461350339793,7477.63336560262,19.7313304555613,684.570539551023,385.190996831777
18131.8295506623,287.47885502013,3.64683628082275,9.24256141382432,7477.92966989247,19.7495922565608,686.550904774478,388.671248192594
18214.3762462977,287.479023984568,3.58879351615906,9.24009198540137,7478.28093956235,19.7700451375124,688.932412466938,393.214510039576
18311.0427361468,287.479222070859,3.5220513343811,9.23720141640332,7478.68485733395,19.8369605464757,691.721452854811,388.023084936768
18408.1004060897,287.479421195154,3.45635032653809,9.23430051655672,7479.08247401313,19.9248884502123,694.520845888483,377.755678683358
18519.5043799141,287.479650040817,3.38252663612366,9.2309725121125,7479.52924844766,20.0094289193795,697.732905492795,369.966306159979
18631.4234899034,287.479880251038,3.31003880500793,9.22763092949614,7479.96793838006,20.0966137747112,700.95886985217,361.593447306888
18729.7768270603,287.48008280808,3.2476978302002,9.2246958832251,7480.34522043697,20.168313286224,703.790918600519,355.431538976688
18828.5274017371,287.480286416712,3.18636035919189,9.22175039347787,7480.71642937778,20.2398916440293,706.633728014319,349.341119658056
18941.8730942539,287.480520404111,3.11747574806213,9.21837130409935,7481.13331294202,20.3066465735161,709.890339227239,346.07143187961
19041.4791747682,287.480726277104,3.05825400352478,9.21540335554996,7481.49171769366,20.3802568874362,712.754313197945,339.580121169287
19127.1753129564,287.48090358472,3.00826406478882,9.21285102625886,7481.79425237441,20.4396615674227,715.215375048104,334.942373126027
19241.897255947,287.481141212106,2.94270896911621,9.20943587384649,7482.19098600606,20.526681086052,718.508472078978,326.926952839201
19328.2850122745,287.481320348331,2.89435410499573,9.20686545282143,7482.48362536008,20.5778985966982,720.98534321825,324.33076941707
19414.9703733984,287.481500271822,2.84668755531311,9.20428725887119,7482.7720990961,20.6355377943991,723.469555258707,320.220578952429
19516.4808018187,287.481711180483,2.79193568229675,9.20126951914274,7483.10345258126,20.7019434688516,726.37580302829,315.664769777255
19603.8140490865,287.481892817219,2.74573111534119,9.19867442586124,7483.38307852733,20.7542248734069,728.874003212729,312.903231115692
19720.7257503475,287.482136235418,2.68515276908875,9.19520214252096,7483.74969331237,20.8356881816393,732.217415657029,306.452595786971
19794.0673970578,287.482289091204,2.64787912368774,9.19302489147278,7483.97527011236,20.8741684396963,734.31063915727,305.420016204831
19882.3547664932,287.482473250841,2.60373830795288,9.19040498280816,7484.24240641886,20.9499588482113,736.837137341215,297.140290122612
19985.7396789683,287.482689116912,2.55303859710693,9.18733848651615,7484.54923657754,21.0148683257686,739.786499208656,293.132630960349
20074.6844414906,287.482875016079,2.5102550983429,9.18470152466093,7484.80815852198,21.0784048981595,742.32163381123,287.850232551001
20163.9341052538,287.483061721847,2.46808099746704,9.18205667040077,7485.06339244438,21.1321079384054,744.864736668298,284.936784205665
20253.4893107513,287.48324923661,2.42650604248047,9.17940390987668,7485.31500038894,21.1791983241135,747.414206487564,283.622326665531
20358.357936603,287.48346902955,2.37874627113342,9.1762990010477,7485.60403829422,21.2691914953183,750.402820692071,273.814540128
20463.6452777358,287.483689930818,2.33176946640015,9.17318328724614,7485.88833775491,21.32492559866,753.394634358802,272.168818743826
20554.2256734075,287.483880159892,2.29211235046387,9.17050405732438,7486.12833910743,21.3916337440441,755.970801431732,266.311542785191
20645.1149146392,287.484071208664,2.25300669670105,9.1678168719875,7486.36500305973,21.4183712603358,758.546658609169,269.921305927528
20751.5443463217,287.484295138306,2.2080614566803,9.16467173422773,7486.63700767075,21.494704214098,761.565577192141,263.514742216156
20858.3970931207,287.484520191215,2.16382908821106,9.16151591425874,7486.90469804629,21.566600399002,764.597355904543,257.188840633772
20950.2720277918,287.484713990888,2.1264865398407,9.1588036409633,7487.13069184095,20.5662965514329,766.773148857772,502.204311991921
21042.4600788237,287.484908621513,2.08963680267334,9.15608328857441,7487.35370318586,20.618877170829,769.380238952567,499.526314495357
21134.9610296396,287.485104085762,2.05326843261719,9.15335491859637,7487.57380133966,20.6760987443634,771.995655780921,495.78854934927
21227.776460378,287.485300386342,2.01737451553345,9.15061849417452,7487.7910281461,21.8848587829759,774.619894770081,222.510628983179
21305.3631253368,287.485464611002,1.9878306388855,9.14833199360265,7487.96982507036,21.8199391662404,776.805679456627,246.063052241599
21398.7568949204,287.485662452012,1.95281672477722,9.14558079656318,7488.18172617674,21.8916248446957,779.442667318182,239.342326416002
21492.4671555565,287.485861137226,1.91828191280365,9.14282151957598,7488.39072779946,21.9297634053077,782.081604101295,240.487927091433
21617.9084342923,287.486127368976,1.87297642230988,9.13912989018586,7488.66491261443,22.0364041036252,785.620198437222,229.054411344917
21712.360907776,287.486328035132,1.83955144882202,9.13635170834821,7488.86719759294,22.0948551381884,788.280477848572,225.538611544313
21807.1328165707,287.486529555122,1.80660033226013,9.13356541155817,7489.06661483132,22.1460828385943,790.939952337987,223.732081757131
21918.1046650822,287.486765744884,1.76875305175781,9.13030444908102,7489.29566322012,22.222873854439,794.065680137988,217.711124728533
22013.5714553323,287.486969125053,1.73682165145874,9.12750051617671,7489.48890922601,22.2613022844668,796.739896754801,218.935326971138
22141.3611440852,287.487241642082,1.69497406482697,9.12374925013793,7489.74216711313,22.344136450085,800.323267166888,213.291046592621
22253.6481176683,287.48748135921,1.65903556346893,9.12045497648017,7489.95966373965,22.3883097720561,803.46649654061,214.938972243543
22366.3761573395,287.487722261921,1.62372636795044,9.11714956301147,7490.17335186298,22.4773618101606,806.620261052187,206.267405054691
22479.5466033469,287.487964355222,1.58904337882996,9.11383298338263,7490.38325024066,22.5422880851149,809.788426653499,203.207554343028
22576.9031262177,287.488172815217,1.55981040000916,9.11098129977351,7490.5601656388,22.6005800007565,812.506665073221,200.009995675764
22690.8988520688,287.488417133104,1.52627861499786,9.10764393601401,7490.7630970312,22.6793682207765,815.691971492036,193.845310937578
22821.7257795092,287.488697829654,1.48870813846588,9.10381608159716,7490.99047022689,22.7236730527879,819.333744429655,197.344180113349
22903.7893496893,287.488874067875,1.46563136577606,9.1014162183564,7491.1301288109,22.7939056733557,821.624080490734,189.807378586692
23002.5675366127,287.489086372205,1.43834626674652,9.09852881714392,7491.29525581311,22.8392785532981,824.369376852994,189.702643332666
23118.2266015064,287.489335193356,1.40707194805145,9.09514972164095,7491.48452521934,22.9059927022133,827.583621200548,186.465439121455
23217.7216534526,287.489549443483,1.38074004650116,9.09224437615785,7491.64388355484,22.96661797278,830.352946497683,182.939426665213
23334.219019252,287.489800544146,1.35056781768799,9.08884431628971,7491.82648321074,23.0355815252204,833.583561121278,179.27023525444
23434.4347361043,287.490016756298,1.32517194747925,9.08592098027235,7491.98017676749,23.1027973632658,836.364305177842,174.318874320253
23551.7750560238,287.490270155613,1.29608273506165,9.08249989666218,7492.1562221041,23.1511384421221,839.61332489824,175.415918819226
23669.5712382456,287.490524800736,1.26756811141968,9.07906747366729,7492.32879008034,23.2110001958141,842.867854128512,173.931976660069
23787.8244179785,287.490780697399,1.23962104320526,9.07562369502761,7492.49792326142,23.2823727102807,846.138014849238,169.881263016021
23906.5361456329,287.491037851396,1.21223497390747,9.07216853455703,7492.66366132674,23.3580401444481,849.422189850338,164.90668648635
24025.7070466101,287.491296268586,1.18540394306183,9.0687019905337,7492.82604034853,23.432489755226,852.708818799252,160.255459405504
24145.3391550049,287.49155595489,1.15911948680878,9.06522403094407,7492.9851115493,23.4846073948839,856.004569487973,160.683612260865
24248.2489353882,287.491779557796,1.13702023029327,9.06223383334408,7493.11885429201,23.5365889486192,858.836744028885,159.431291838724
24351.4989497444,287.492004101313,1.11531221866608,9.05923523343822,7493.25022925532,23.6088717171128,861.67988231543,153.647880353268
24455.0901494379,287.492229589276,1.0939906835556,9.05622822489903,7493.37926529699,23.6564346172026,864.524147487092,153.45058231933
24559.0235042194,287.492456025555,1.0730504989624,9.05321278748026,7493.50599343911,23.7065240936774,867.378343644385,152.713090854893
24663.2998640346,287.492683414055,1.05248594284058,9.0501889132998,7493.630448311,23.7694842477467,870.237925837185,149.123839162332
24785.3900001877,287.492949909387,1.02896213531494,9.04665039057375,7493.77281231023,23.8426109718587,873.585736162253,145.052882276359
24890.4121959182,287.493179374566,1.00919330120087,9.04360821135292,7493.89245154302,23.9047919704998,876.461161154477,141.713053182011
24995.7796522789,287.493409804531,0.989782333374023,9.04055756907341,7494.00992500074,23.9495359249695,879.342764163641,142.292732328281
