Altitude,Pressure,ISP
87.459933440201,100.018562316895,280.425354003906
87.5112311856356,100.017799377441,280.425567626953
87.6114008569857,100.016311645508,280.425994873047
87.7322889296338,100.014518737793,280.426544189453
87.922345611616,100.011688232422,280.427429199219
88.1182921549771,100.008781433105,280.428344726563
88.3986015625997,100.004615783691,280.429626464844
88.7282931021182,99.9997177124023,280.431182861328
89.0408374281833,99.9950714111328,280.432647705078
89.4613471078919,99.9888305664063,280.434600830078
89.9315480444347,99.9818420410156,280.436828613281
90.3614196974086,99.975456237793,280.438842773438
90.923004677752,99.9671173095703,280.441497802734
91.4291815371253,99.9595947265625,280.443878173828
92.0825141438982,99.9498977661133,280.446960449219
92.7860474387417,99.9394454956055,280.450286865234
93.4107506277505,99.9301681518555,280.453247070313
94.0704542943276,99.9203796386719,280.456359863281
94.9083878045203,99.9079360961914,280.460296630859
95.645313785295,99.8969955444336,280.463806152344
96.7361631992972,99.8808059692383,280.468963623047
97.7262227070751,99.8661117553711,280.4736328125
98.7672112305881,99.8506622314453,280.478576660156
99.6736835447373,99.8372116088867,280.482849121094
100.808323705103,99.8203811645508,280.488220214844
101.994201621506,99.8027877807617,280.493835449219
103.231427350082,99.7844390869141,280.499694824219
104.301753834705,99.7685623168945,280.504760742188
105.407878650469,99.7521667480469,280.509979248047
106.782571387477,99.7317810058594,280.516479492188
108.209012422943,99.7106399536133,280.523223876953
109.437323940452,99.6924362182617,280.529022216797
110.701714607188,99.673698425293,280.535003662109
112.266689530923,99.6505126953125,280.542388916016
113.88381405524,99.6265563964844,280.550018310547
115.553199768416,99.6018295288086,280.557891845703
116.984355600318,99.5806427001953,280.564636230469
118.749837604817,99.5545043945313,280.572967529297
120.567891665385,99.5275955200195,280.58154296875
122.438633695827,99.4999084472656,280.59033203125
124.362164881313,99.4714508056641,280.599395751953
126.005520278472,99.4471435546875,280.607116699219
128.026133478852,99.4172668457031,280.616607666016
130.099845567136,99.386604309082,280.626373291016
131.868585564895,99.3604583740234,280.634674072266
134.039947272628,99.3283767700195,280.644866943359
136.264722215128,99.2955093383789,280.655303955078
138.159591528005,99.2675170898438,280.664184570313
140.482583496487,99.2332153320313,280.675048828125
142.45944232319,99.2040328979492,280.684295654297
144.881008323282,99.1682968139648,280.695617675781
147.356502230046,99.1317749023438,280.707214355469
149.460673262132,99.1007385253906,280.717041015625
152.035312949331,99.0627670288086,280.729034423828
154.222261375515,99.0305328369141,280.739227294922
156.896412094124,98.9911193847656,280.751708984375
159.625003131572,98.9509201049805,280.764404296875
162.408135085716,98.9099349975586,280.77734375
164.769158193027,98.8751754760742,280.788299560547
167.652575102984,98.8327331542969,280.801696777344
170.590861248435,98.7895050048828,280.815338134766
173.584113876685,98.745475769043,280.829193115234
176.120554403635,98.7081832885742,280.840942382813
178.695313433302,98.6703414916992,280.852844238281
181.83568591089,98.6241989135742,280.867370605469
185.031435702811,98.577262878418,280.882110595703
187.736929294537,98.5375366210938,280.894592285156
191.034479270224,98.4891357421875,280.909759521484
194.952010764508,98.4316635131836,280.927795410156
199.522198147606,98.3646545410156,280.948791503906
202.429068307159,98.3220443725586,280.962127685547
205.968710128567,98.2701873779297,280.978363037109
209.564519296982,98.217529296875,280.994812011719
213.216580283828,98.1640701293945,281.011505126953
216.303034521756,98.1189117431641,281.025604248047
220.058545497595,98.0639801025391,281.042724609375
223.870645469404,98.0082473754883,281.060089111328
227.090705743642,97.9611968994141,281.074737548828
231.006823118427,97.9039916992188,281.092559814453
234.979834418162,97.8459854125977,281.110565185547
238.334218653385,97.7970352172852,281.125793457031
242.411821471294,97.7375564575195,281.144226074219
245.853516210103,97.6873779296875,281.159790039063
250.036070904229,97.6264266967773,281.178680419922
254.276050779037,97.5646667480469,281.197784423828
257.853316704044,97.512580871582,281.213897705078
262.198830394307,97.449348449707,281.233428955078
266.602045151172,97.3853073120117,281.253204345703
270.315581756295,97.3313217163086,281.269866943359
274.824906816706,97.2658004760742,281.2900390625
279.392288140603,97.1994705200195,281.310455322266
283.242840856547,97.1435852050781,281.32763671875
287.916895572562,97.0757751464844,281.348480224609
291.856470113969,97.0186538696289,281.365997314453
296.637508311775,96.9493713378906,281.387237548828
300.666388802114,96.8910140991211,281.405120849609
304.736000139848,96.8320999145508,281.423156738281
309.673316384899,96.7606658935547,281.444976806641
314.669456377043,96.6884155273438,281.467041015625
318.877896925551,96.6275939941406,281.485595703125
323.982154813362,96.5538711547852,281.508087158203
328.280858958722,96.491813659668,281.526977539063
333.493561725831,96.4166107177734,281.549835205078
338.765588078531,96.3405990600586,281.572937011719
344.09706451511,96.2637786865234,281.596221923828
348.585434808978,96.1991424560547,281.615814208984
354.026127104531,96.1208419799805,281.639526367188
358.605667128228,96.0549774169922,281.659423828125
364.155980745098,95.9751968383789,281.683532714844
368.827041784185,95.9080963134766,281.703765869141
374.487295051455,95.8268356323242,281.728271484375
380.207731682109,95.7447662353516,281.752960205078
385.988423998002,95.6618957519531,281.777862548828
390.851769054076,95.5922164916992,281.798797607422
395.757098880713,95.5219802856445,281.819854736328
401.699020437431,95.4369583129883,281.845306396484
406.696959755383,95.3654937744141,281.86669921875
411.737070098054,95.2934646606445,281.888214111328
417.84090390848,95.206298828125,281.914215087891
422.973993171239,95.1330413818359,281.936065673828
428.149499465479,95.0592346191406,281.958038330078
434.416091908934,94.9699172973633,281.984588623047
440.743947536801,94.8797988891602,282.011352539063
446.064043747843,94.8040924072266,282.033813476563
451.426759722643,94.7278213500977,282.056396484375
457.918365837308,94.6355667114258,282.083679199219
464.471658741124,94.5425033569336,282.111175537109
469.97987159912,94.4643478393555,282.134216308594
476.64641285676,94.3698196411133,282.162078857422
482.249154414632,94.2904357910156,282.185424804688
489.029307877528,94.1944427490234,282.213623046875
494.726883897791,94.1138381958008,282.237274169922
501.620996938786,94.0163803100586,282.265838623047
508.577416117303,93.9181213378906,282.294555664063
515.596259276965,93.8190689086914,282.323486328125
521.493045561481,93.7359161376953,282.347747802734
528.626611455809,93.6354064941406,282.377014160156
534.619104547775,93.5510406494141,282.401550292969
541.867731895181,93.4490737915039,282.43115234375
547.956320778583,93.3634872436523,282.455993652344
555.320356952609,93.2600631713867,282.485931396484
562.747536986717,93.1558532714844,282.516052246094
570.237930124393,93.0508422851563,282.546356201172
576.528237118036,92.9627380371094,282.571746826172
584.134767618147,92.8562850952148,282.602355957031
590.522061724099,92.7669677734375,282.628021240234
598.245152358082,92.659065246582,282.658966064453
604.729669263936,92.5685501098633,282.684906005859
612.569669070654,92.4592132568359,282.716156005859
620.473491840763,92.3490829467773,282.747589111328
628.441348126507,92.2381744384766,282.779205322266
635.130109131685,92.145149230957,282.8056640625
643.215484450222,92.0328063964844,282.837554931641
651.365265791654,91.9196853637695,282.86962890625
658.205912386184,91.8248138427734,282.896484375
667.858109626919,91.6910934448242,282.934265136719
674.806393536739,91.5949325561523,282.961395263672
681.799585846369,91.4982299804688,282.988647460938
690.250785493641,91.381477355957,283.021453857422
697.343074288801,91.2835922241211,283.048950195313
705.913334926357,91.1654205322266,283.082061767578
714.548713644734,91.0464782714844,283.115325927734
721.794547832804,90.9467697143555,283.143157958984
730.54945442325,90.826416015625,283.176696777344
737.895247952314,90.7255325317383,283.204772949219
745.286474852473,90.6241149902344,283.232940673828
754.215848572319,90.5017242431641,283.266876220703
761.707272168016,90.3991394042969,283.295288085938
770.757266146597,90.2753372192383,283.329498291016
779.873131038621,90.1507797241211,283.363861083984
787.520108866505,90.0463943481445,283.392578125
796.756865992327,89.9204483032227,283.427215576172
804.504667684902,89.8149108886719,283.456146240234
815.428893799428,89.6662750244141,283.496856689453
823.287088325713,89.5594787597656,283.526031494141
832.777920940658,89.4306335449219,283.561157226563
840.737701655482,89.3226928710938,283.590545654297
850.350476446329,89.1924743652344,283.625946044922
860.029886142351,89.0615081787109,283.661437988281
871.406926346361,88.9077682495117,283.703033447266
879.589187152917,88.7973403930664,283.732849121094
887.817813431495,88.686393737793,283.762756347656
897.753824607353,88.5525741577148,283.798767089844
907.757063235389,88.4180221557617,283.834899902344
916.144377927645,88.3053283691406,283.865081787109
927.965278115589,88.1467056274414,283.907501220703
938.170642518904,88.0099411010742,283.943969726563
946.726654680097,87.8954162597656,283.974456787109
957.055842769216,87.7573165893555,284.011169433594
967.453003323986,87.6184921264648,284.047973632813
976.168992862338,87.5022430419922,284.078735351563
984.932110195747,87.385498046875,284.109588623047
997.280052996241,87.2212142944336,284.152862548828
1007.937780782,87.0796127319336,284.190093994141
1018.6636854317,86.9372940063477,284.227447509766
1027.65416173113,86.8181457519531,284.258636474609
1038.50546497968,86.6745223999023,284.296173095703
1047.600630361,86.5542831420898,284.327514648438
1058.57760251896,86.4093551635742,284.365234375
1069.62338037661,86.2637100219727,284.403045654297
1078.88084306254,86.1418075561523,284.434631347656
1088.1859774919,86.0194091796875,284.466278076172
1101.29372739105,85.8472366333008,284.510711669922
1110.71405030706,85.7236709594727,284.542510986328
1122.08183588006,85.5747528076172,284.580780029297
1131.60782857903,85.4501266479492,284.612731933594
1143.10258766764,85.299934387207,284.651153564453
1154.66679360589,85.149055480957,284.689666748047
1166.30058487842,84.9974899291992,284.728240966797
1176.04860530072,84.8706512451172,284.760467529297
1187.81025025703,84.7178268432617,284.799224853516
1197.6647547204,84.5899505615234,284.831573486328
1209.55447673367,84.4358749389648,284.870452880859
1221.51415492455,84.2811279296875,284.909423828125
1233.54392777744,84.1257019042969,284.948455810547
1245.64384222729,83.9696044921875,284.987579345703
1257.81418755872,83.8128356933594,285.026794433594
1270.05475937494,83.655403137207,285.066040039063
1280.30915590143,83.5236968994141,285.098815917969
1294.74760444928,83.3385467529297,285.144805908203
1305.11974841182,83.2057418823242,285.177673339844
1315.54101952363,83.0724868774414,285.210632324219
1326.01148702926,82.9387664794922,285.243591308594
1340.75276178075,82.7508087158203,285.289855957031
1351.34141680703,82.6160125732422,285.322937011719
1361.97948827047,82.4807662963867,285.356048583984
1372.66724314424,82.3450698852539,285.389221191406
1383.40421005734,82.2089309692383,285.422424316406
1394.19086704752,82.0723495483398,285.455688476563
1407.20058036211,81.9078598022461,285.495635986328
1420.28145393194,81.7427368164063,285.535614013672
1433.43419814482,81.5769882202148,285.57568359375
1448.86964421824,81.3828125,285.622467041016
1459.95479251433,81.2435989379883,285.655914306641
1471.09013354452,81.1039428710938,285.689422607422
1482.27509541344,80.9638671875,285.722961425781
1495.76335248922,80.7952041625977,285.763214111328
1507.0585927139,80.6541900634766,285.796813964844
1520.67894121213,80.4844055175781,285.837188720703
1534.37200589664,80.3140106201172,285.877563476563
1545.83828920301,80.1715469360352,285.911254882813
1559.66385410831,80.0000457763672,285.951721191406
1573.5623396053,79.8279418945313,285.992248535156
1587.53337485413,79.6552429199219,286.032775878906
1599.23142801144,79.510871887207,286.066589355469
1615.69383962604,79.3080673217773,286.113952636719
1629.88363998616,79.1335983276367,286.154571533203
1644.14626041125,78.9585418701172,286.195251464844
1656.08790641499,78.8122177124023,286.229156494141
1668.0803583581,78.6654968261719,286.263092041016
1682.53837490547,78.488899230957,286.303833007813
1694.64279963903,78.3412933349609,286.337799072266
1709.2358910006,78.1636505126953,286.378570556641
1721.45283247274,78.0151824951172,286.412567138672
1733.7208155673,77.8663177490234,286.446594238281
1748.51018322702,77.6871719360352,286.487426757813
1763.37349013845,77.5074691772461,286.528289794922
1778.310767591,77.3272094726563,286.569152832031
1793.32178323681,77.1464080810547,286.610046386719
1808.40720950672,76.9650497436523,286.650939941406
1821.03499599034,76.8135070800781,286.685028076172
1836.25641187502,76.6311569213867,286.725952148438
1848.99790020299,76.4787902832031,286.760070800781
1861.79097411002,76.326057434082,286.794189453125
1879.78831026901,76.1116027832031,286.841979980469
1892.70578982763,75.9579849243164,286.876098632813
1908.27518613636,75.7731628417969,286.917053222656
1921.30697740382,75.6187515258789,286.951202392578
1939.63874863484,75.4019622802734,286.998992919922
1952.79545154935,75.2466888427734,287.033142089844
1968.65220538224,75.0598907470703,287.074127197266
1984.58405229065,74.8725891113281,287.115112304688
2000.59119333234,74.6847915649414,287.156066894531
2013.98830804636,74.5279006958008,287.190216064453
2030.13380891236,74.3391876220703,287.231170654297
2043.64591445075,74.1815490722656,287.265319824219
2059.92994491919,73.9919357299805,287.306274414063
2076.28977885249,73.8018341064453,287.347229003906
2089.98051947763,73.6430587768555,287.38134765625
2106.47915332625,73.4520797729492,287.422302246094
2120.28647533222,73.2925643920898,287.456390380859
2136.92472001514,73.1007232666016,287.497314453125
2150.84784377669,72.9404907226563,287.531402587891
2164.82414367865,72.7799453735352,287.565490722656
2181.66531059309,72.5868682861328,287.606353759766
2195.75836166134,72.4256134033203,287.640411376953
2209.90435652772,72.264045715332,287.674468994141
2226.94965871773,72.0697555541992,287.715301513672
2241.21250528586,71.9075088500977,287.749328613281
2258.39823591977,71.71240234375,287.790130615234
2275.66098974878,71.5168609619141,287.830932617188
2293.00062828639,71.3208770751953,287.871704101563
2316.23972043779,71.0588989257813,287.926025390625
2333.75887426408,70.8619232177734,287.966735839844
2348.41732955631,70.6974563598633,288.000671386719
2366.07830133045,70.4997024536133,288.041320800781
2383.81676767231,70.3015441894531,288.081970214844
2398.6577875542,70.1360931396484,288.115844726563
2416.53824162739,69.9371795654297,288.156433105469
2431.49757196708,69.7711181640625,288.190246582031
2449.52028408356,69.5714721679688,288.230773925781
2467.62089957355,69.3714370727539,288.271301269531
2485.79938047752,69.1710052490234,288.311798095703
2504.05573347479,68.9701919555664,288.352233886719
2522.39036068646,68.7689895629883,288.392669677734
2540.80296052515,68.5674133300781,288.433044433594
2556.20647392969,68.3991470336914,288.466674804688
2574.76282184711,68.196891784668,288.507019042969
2590.28630552662,68.0280609130859,288.540588378906
2612.11098816467,67.7912750244141,288.587554931641
2627.76535033097,67.6218490600586,288.621063232422
2646.62281237741,67.418212890625,288.661254882813
2668.72259296919,67.1801910400391,288.708099365234
2684.57394864003,67.009895324707,288.741516113281
2703.66756028763,66.8052291870117,288.781585693359
2726.04380373133,66.5660171508789,288.828277587891
2742.09229141404,66.3948822021484,288.861602783203
2758.19612439733,66.223518371582,288.894866943359
2777.59315783822,66.0175857543945,288.934783935547
2797.06998681731,65.8113250732422,288.974639892578
2813.36113151559,65.6392135620117,289.007843017578
2829.70762151864,65.4668807983398,289.040985107422
2852.6854208993,65.2252502441406,289.087341308594
2869.16454974993,65.0524139404297,289.120422363281
2889.01261333947,64.8447265625,289.160095214844
2908.94061096967,64.6367492675781,289.199676513672
2925.60840308364,64.4632186889648,289.232666015625
2945.68279602739,64.2547149658203,289.272186279297
2965.83753181342,64.0459365844727,289.311645507813
2989.45299401949,63.8020057678223,289.357635498047
3006.38790012826,63.6275444030762,289.390441894531
3026.78292280098,63.4179534912109,289.429748535156
3047.25909924007,63.2080917358398,289.469024658203
3067.81615915033,62.9979705810547,289.508239746094
3088.45390146982,62.78759765625,289.547393798828
3109.17225695786,62.5769729614258,289.586517333984
3126.49918885273,62.4012680053711,289.619049072266
3143.88241548056,62.225399017334,289.651580810547
3164.8163998978,62.0141334533691,289.690551757813
3182.32366482436,61.8379020690918,289.722961425781
3203.40647734597,61.6262168884277,289.761840820313
3224.57078320917,61.414306640625,289.800659179688
3245.8165890933,61.2021751403809,289.839416503906
3263.58358052489,61.0252380371094,289.871673583984
3284.97882438661,60.8127174377441,289.910339355469
3302.87039474829,60.6354637145996,289.942504882813
3324.41535358271,60.4225692749023,289.981048583984
3346.04221457045,60.2094764709473,290.019561767578
3364.12705685769,60.0317535400391,290.051574707031
3382.26880375051,59.8538970947266,290.083587646484
3407.7631162405,59.6046829223633,290.128295898438
3426.04190956941,59.4265251159668,290.160217285156
3448.05151678389,59.212574005127,290.198425292969
3466.45603953744,59.0341491699219,290.230255126953
3488.61705283111,58.8198890686035,290.268371582031
3507.14757531625,58.6412086486816,290.300079345703
3525.73554302915,58.4624214172363,290.331756591797
3548.11679391505,58.2477340698242,290.369720458984
3570.58109744813,58.0328941345215,290.407592773438
3593.12818331772,57.8179092407227,290.445434570313
3615.75818333845,57.6027870178223,290.483215332031
3634.68012865691,57.4234161376953,290.5146484375
3657.46275451127,57.2080459594727,290.552307128906
3680.32816271705,56.9925537109375,290.589904785156
3703.27764223528,56.7769317626953,290.62744140625
3726.31011186179,56.5611953735352,290.664916992188
3749.42623731284,56.3453483581543,290.702331542969
3768.75369485281,56.1653900146484,290.733489990234
3788.13900644472,55.9853630065918,290.764556884766
3811.47855066694,55.7692337036133,290.801818847656
3830.99203116936,55.589054107666,290.832824707031
3854.48562203336,55.3727531433105,290.869964599609
3878.06274362584,55.1563720703125,290.907012939453
3901.7239365573,54.9399070739746,290.944030761719
3921.50683226669,54.7594566345215,290.974822998047
3945.32309051708,54.5428504943848,291.01171875
3969.22382223036,54.3261795043945,291.048553466797
3989.20581829746,54.1455688476563,291.079193115234
4013.26161534386,53.928783416748,291.115905761719
4037.40216285596,53.7119445800781,291.152557373047
4061.6276618886,53.4950561523438,291.189147949219
4085.93831349653,53.2781181335449,291.225677490234
4106.2619385405,53.0973129272461,291.256042480469
4130.72839717951,52.8803024291992,291.292449951172
4155.28014689987,52.6632690429688,291.328796386719
4175.80517329113,52.4823837280273,291.359039306641
4200.51354765997,52.2653007507324,291.395263671875
4225.30693612376,52.0482063293457,291.431427001953
4250.18635735242,51.8310966491699,291.467529296875
4270.98499883513,51.6501617431641,291.49755859375
4296.02152278216,51.4330406188965,291.533538818359
4321.14407949802,51.2159194946289,291.569458007813
4346.35307109135,50.9987983703613,291.605285644531
4367.42580575508,50.8178787231445,291.635131835938
4392.79237814061,50.6007843017578,291.670867919922
4418.24524692225,50.3837089538574,291.706512451172
4439.52236304653,50.2028274536133,291.736206054688
4465.13409491011,49.9857940673828,291.771759033203
4490.83246272546,49.768798828125,291.807250976563
4516.61747988989,49.5518379211426,291.842651367188
4538.17139230517,49.3710670471191,291.872131347656
4564.11567468604,49.1541862487793,291.907440185547
4590.14700852812,48.9373588562012,291.942687988281
4616.26471472811,48.720588684082,291.977874755859
4638.09678168746,48.5399894714355,292.007141113281
4664.37517389655,48.3233261108398,292.042205810547
4686.34048984048,48.1428298950195,292.071350097656
4712.77956806356,47.9262924194336,292.106323242188
4739.30603733019,47.7098388671875,292.141204833984
4765.92029974307,47.4934692382813,292.176025390625
4788.16587017314,47.3132247924805,292.204986572266
4810.47241327539,47.1330451965332,292.233917236328
4837.32147433632,46.916919708252,292.2685546875
4864.25812751148,46.7008895874023,292.303131103516
4891.28339145845,46.4849662780762,292.337677001953
4913.87160987605,46.3051109313965,292.366394042969
4941.05877960834,46.0893898010254,292.400787353516
4963.78248543746,45.9097099304199,292.429412841797
4991.13210158341,45.6942100524902,292.463714599609
5018.57032851793,45.4788398742676,292.497955322266
5041.50363441464,45.2994613647461,292.526428222656
5069.10552748991,45.0843276977539,292.560546875
5096.79623241688,44.8693351745605,292.594573974609
5119.94008110929,44.6902847290039,292.622924804688
5147.79445220181,44.4755630493164,292.656860351563
5171.07520912332,44.2967414855957,292.685089111328
5194.41734085605,44.118034362793,292.713287353516
5222.51016988768,43.9037322998047,292.7470703125
5245.98995152768,43.7252731323242,292.775146484375
5274.24766646582,43.5112762451172,292.808807373047
5302.59521194652,43.2974548339844,292.842407226563
5326.2871716799,43.1194076538086,292.870361328125
5354.79972818412,42.9059181213379,292.903869628906
5383.40307136427,42.6926193237305,292.937286376953
5412.0966472138,42.4795074462891,292.970642089844
5440.88099633087,42.2665939331055,293.003936767578
5464.93700528017,42.0893173217773,293.031646728516
5493.88718306785,41.8767776489258,293.064849853516
5522.92827264359,41.6644439697266,293.097961425781
5552.06081462174,41.4523239135742,293.131042480469
5576.40730076493,41.2757263183594,293.158538818359
5605.70662755461,41.0640106201172,293.191497802734
5630.19226040784,40.8877563476563,293.218933105469
5659.65931473847,40.6764602661133,293.251770019531
5684.28449640551,40.500560760498,293.279113769531
5713.91927828523,40.2896995544434,293.311828613281
5738.68468790466,40.1141738891602,293.339080810547
5768.48775137845,39.9037590026855,293.371704101563
5798.38320999255,39.6935958862305,293.404266357422
5823.36674450629,39.5186538696289,293.431365966797
5853.43102533335,39.308967590332,293.463836669922
5878.55492633348,39.1344299316406,293.490814208984
5908.7886950745,38.9252281188965,293.523162841797
5934.05418228498,38.7511024475098,293.550079345703
5964.45811808202,38.5424003601074,293.582336425781
5989.86545510055,38.3686981201172,293.609161376953
6020.43943287467,38.160514831543,293.641265869141
6051.10674851679,37.9526176452637,293.67333984375
6076.73384576885,37.779598236084,293.700042724609
6102.42638403142,37.6067771911621,293.726684570313
6133.34258026793,37.3996696472168,293.758605957031
6159.17755275348,37.2273139953613,293.78515625
6190.26540311694,37.0207710266113,293.816955566406
6216.24362658383,36.8488922119141,293.843414306641
6247.50360062916,36.6429252624512,293.875122070313
6273.62541663263,36.4715270996094,293.901489257813
6305.05797016178,36.2661514282227,293.933074951172
6336.58483756287,36.0611038208008,293.964599609375
6362.92938932043,35.8904838562012,293.990844726563
6394.6295368392,35.6860466003418,294.022277832031
6421.11871358205,35.515941619873,294.048431396484
6452.99270780932,35.3121337890625,294.079742431641
6479.62690718565,35.1425552368164,294.105804443359
6506.32718026312,34.9732246398926,294.131805419922
6538.45480871527,34.7703514099121,294.162963867188
6570.67781748623,34.5678367614746,294.194091796875
6597.60324725916,34.3993530273438,294.219970703125
6630.00130993628,34.1975021362305,294.250946044922
6657.07265594718,34.0295829772949,294.276733398438
6689.64579767687,33.8284225463867,294.307647705078
6722.31446439342,33.6276435852051,294.338470458984
6749.61123047268,33.460620880127,294.364135742188
6782.45462889085,33.2605514526367,294.394836425781
6809.89678626996,33.0941314697266,294.42041015625
6842.91441656218,32.8947944641113,294.451019287109
6876.02658167947,32.695873260498,294.481567382813
6903.69228714879,32.5304145812988,294.506988525391
6936.97734492377,32.3322525024414,294.537445068359
6964.78651161876,32.1674461364746,294.562774658203
6998.24314350518,31.9700736999512,294.593109130859
7026.19465223968,31.80592918396,294.618347167969
7059.82145143498,31.6093692779541,294.648559570313
7093.54020920896,31.4132614135742,294.6787109375
7127.3505547411,31.2176132202148,294.708801269531
7155.59536722174,31.0549297332764,294.733825683594
7189.57193163037,30.8601474761963,294.763793945313
7223.63835474988,30.6658458709717,294.793701171875
7252.09531684779,30.504301071167,294.818572998047
7286.32494755345,30.3109016418457,294.848358154297
7320.64277717646,30.1180057525635,294.878082275391
7349.30782430083,29.9576473236084,294.902801513672
7383.78552629589,29.7656898498535,294.932403564453
7418.34976741427,29.5742588043213,294.9619140625
7447.21891986183,29.4151344299316,294.986480712891
7481.93981091958,29.2246761322021,295.015869140625
7510.93888991582,29.0663757324219,295.040313720703
7539.99639515253,28.9084529876709,295.064697265625
7574.94232128165,28.7194519042969,295.093902587891
7604.1272477468,28.5623779296875,295.118194580078
7639.22535377461,28.3744049072266,295.147277832031
7668.53671742557,28.2181968688965,295.171447753906
7703.78534355969,28.0312690734863,295.200378417969
7733.22151923284,27.8759346008301,295.224426269531
7768.61921009072,27.690071105957,295.253234863281
7798.17914785189,27.5356292724609,295.277191162109
7833.72484676493,27.3508415222168,295.305847167969
7863.40769772336,27.1973037719727,295.329681396484
7899.10039275652,27.0136089324951,295.358215332031
7934.87251303729,26.8305168151855,295.386657714844
7964.74371356214,26.6784000396729,295.410308837891
8000.66133658518,26.4964199066162,295.438629150391
8036.65801404475,26.3150482177734,295.466857910156
8066.71553353278,26.1643772125244,295.490325927734
8102.85676432692,25.9841346740723,295.518432617188
8139.07667200372,25.804515838623,295.546447753906
8169.32030269061,25.6553058624268,295.569732666016
8205.68419185164,25.47682762146,295.597625732422
8242.12685842265,25.298978805542,295.625427246094
8272.5555816429,25.151252746582,295.648529052734
8303.039172497,25.003963470459,295.671569824219
8339.69155851298,24.8277950286865,295.699157714844
8370.29545339057,24.681468963623,295.722106933594
8407.09262507083,24.5064640045166,295.749542236328
8437.81685523922,24.3611164093018,295.772369384766
8474.75871207309,24.18727684021,295.799652099609
8505.60425821424,24.0428981781006,295.822357177734
8542.69168711628,23.8702335357666,295.849517822266
8573.65878828312,23.7268314361572,295.872100830078
8610.89276319533,23.5553417205811,295.899108886719
8648.20673526078,23.3844890594482,295.926055908203
8685.60171642364,23.2142791748047,295.952911376953
8716.82580927038,23.072925567627,295.975219726563
8754.36926655995,22.9038944244385,296.001953125
8785.7176554515,22.7635231018066,296.024169921875
8823.41100963752,22.5956726074219,296.050750732422
8854.88470651675,22.4564037322998,296.072814941406
8886.41604331508,22.3177356719971,296.094818115234
8924.32988000603,22.15212059021,296.12109375
8955.98822261021,22.0147705078125,296.142913818359
8994.05466596293,21.8507385253906,296.169006347656
9025.84116483957,21.7147006988525,296.190673828125
9064.06286210113,21.5522384643555,296.216552734375
9095.97900728427,21.4175052642822,296.238037109375
9134.35615949344,21.25661277771,296.263702392578
9166.40337175073,21.1231861114502,296.285003662109
9204.93882043485,20.9638519287109,296.310485839844
9243.56056596595,20.8053665161133,296.335845947266
9275.81234171928,20.6739387512207,296.356903076172
9314.59488570073,20.5170040130615,296.382049560547
9346.98097889253,20.3868637084961,296.402954101563
9385.92534001858,20.2314682006836,296.427886962891
9418.44683185092,20.1026134490967,296.448608398438
9457.55483971979,19.9487571716309,296.473358154297
9490.21362904902,19.821174621582,296.493927001953
9529.48710649472,19.6688404083252,296.518463134766
9562.28387245827,19.5425319671631,296.538848876953
9595.14430772502,19.4167957305908,296.559173583984
9628.0671925788,19.2916393280029,296.579406738281
9667.65909258858,19.142204284668,296.603576660156
9707.34331208351,18.9935894012451,296.627655029297
9747.12040517759,18.8457984924316,296.651611328125
9786.99089895235,18.6988182067871,296.675445556641
9820.28706725338,18.5769634246826,296.695251464844
9860.32879647077,18.4314785003662,296.718902587891
9893.76904006896,18.310863494873,296.738555908203
9927.27518464485,18.190803527832,296.758087158203
9967.56942870514,18.0474758148193,296.781463623047
10007.9594504153,17.9049491882324,296.804748535156
10041.6907486591,17.7867870330811,296.824035644531
10082.2567462178,17.6457233428955,296.847106933594
10116.135841467,17.5287780761719,296.866271972656
10156.880039775,17.3891696929932,296.88916015625
10190.9085538312,17.2734298706055,296.908142089844
10231.8321861586,17.1352634429932,296.930816650391
10272.8547772376,16.9978771209717,296.953399658203
10307.116165434,16.8839836120605,296.972137451172
10348.3214341275,16.7480220794678,296.994537353516
10389.6265417411,16.6128311157227,297.016815185547
10431.031765349,16.4784126281738,297.039031982422
10472.538387171,16.3447589874268,297.061096191406
10507.204765154,16.233959197998,297.079437255859
10541.9421240722,16.123685836792,297.097686767578
10583.7204994273,15.9920520782471,297.119506835938
10625.6012156742,15.8611698150635,297.141204833984
10660.5816086772,15.7526683807373,297.159240722656
10702.6522584568,15.6231517791748,297.180755615234
10737.7909479892,15.5157842636108,297.198638916016
10780.0530145598,15.3876190185547,297.219970703125
10815.3521005147,15.2813720703125,297.237701416016
10850.7240662909,15.1756458282471,297.255340576172
10893.267907799,15.049446105957,297.276428222656
10928.802030336,14.9448442459106,297.293914794922
10971.5414259594,14.8199939727783,297.314788818359
11014.38817995,14.6958780288696,297.335601806641
11050.1765152256,14.5930032730103,297.352844238281
11093.2220044252,14.4702281951904,297.373474121094
11129.1760171342,14.3684711456299,297.390563964844
11172.421461286,14.2470254898071,297.411010742188
11208.5437294298,14.1463766098022,297.427947998047
11251.991429464,14.0262603759766,297.448181152344
11288.2822165738,13.9267148971558,297.464996337891
11324.6511780465,13.8276653289795,297.481719970703
11368.395691929,13.7094688415527,297.501708984375
11412.2529212208,13.591983795166,297.521575927734
11456.2220482605,13.4752159118652,297.541381835938
11492.9510840812,13.3784465789795,297.557769775391
11537.1296468836,13.262975692749,297.577392578125
11581.4222833891,13.14821434021,297.596893310547
11618.4192886651,13.0531187057495,297.613067626953
11655.497573358,12.9585046768188,297.629150390625
11692.6564583373,12.8643808364868,297.645202636719
11737.3540087293,12.7520656585693,297.664367675781
11782.1688764107,12.6404457092285,297.683410644531
11827.1006593364,12.5295171737671,297.702392578125
11864.6349346435,12.4376001358032,297.718109130859
11902.2506279272,12.3461599349976,297.733764648438
11947.499004006,12.2370586395264,297.752471923828
11985.2967719079,12.1466598510742,297.767974853516
12023.1775795837,12.0567312240601,297.783416748047
12068.7445862619,11.9494380950928,297.801879882813
12114.4334782982,11.8428115844727,297.820220947266
12152.6001009234,11.7544689178467,297.835418701172
12198.5117451785,11.6490716934204,297.853607177734
12236.8648959863,11.5617485046387,297.868682861328
12275.3033150362,11.4748888015747,297.883666992188
12321.542462369,11.3712673187256,297.901580810547
12360.1695668134,11.2854194641113,297.916442871094
12406.6360259587,11.183012008667,297.934173583984
12453.2272746613,11.0812616348267,297.951843261719
12492.1490194837,10.9969730377197,297.966461181641
12538.9704578649,10.8964290618896,297.983917236328
12578.0848159048,10.8131437301636,297.998413085938
12625.1385178958,10.7137985229492,298.015686035156
12664.4471914233,10.6315088272095,298.030029296875
12711.7350204224,10.5333547592163,298.047149658203
12751.2395592427,10.4520568847656,298.061340332031
12798.7635380746,10.3550882339478,298.078277587891
12838.4657700955,10.274772644043,298.092315673828
12878.2524521847,10.1949138641357,298.106292724609
12926.1051888455,10.0996913909912,298.122985839844
12974.089314969,10.0051050186157,298.139556884766
13014.1767613674,9.92676544189453,298.153289794922
13062.4027193789,9.83333778381348,298.169708251953
13102.692440825,9.75596141815186,298.183319091797
13151.1622820791,9.66368389129639,298.199554443359
13191.6560076738,9.58726119995117,298.213012695313
13240.3715964238,9.49612331390381,298.229064941406
13281.0707659548,9.42064952850342,298.242401123047
13330.0339976909,9.330641746521,298.25830078125
13379.1329365536,9.24124813079834,298.274078369141
13420.1528870333,9.16721820831299,298.287170410156
13469.5024523673,9.07892799377441,298.302825927734
13510.7320812495,9.0058012008667,298.315765380859
13560.3339294901,8.91858577728271,298.331237792969
13601.7747268206,8.84635257720947,298.344055175781
13651.6311969411,8.76020908355713,298.359375
13693.2848884225,8.68886756896973,298.3720703125
13735.0356467045,8.61793422698975,298.384674072266
13785.2655807924,8.53334999084473,298.399749755859
13835.6364093286,8.44934844970703,298.414733886719
13877.7203314224,8.37979316711426,298.427124023438
13928.3512707029,8.29686260223389,298.441955566406
13970.6526956398,8.22819995880127,298.454223632813
14013.0535263559,8.15993976593018,298.466430664063
14064.0663326849,8.07856178283691,298.480987548828
14106.6871750131,8.01119041442871,298.493072509766
14157.9646627345,7.93087768554688,298.507476806641
14200.8065978761,7.86439418792725,298.519409179688
14252.3503956,7.7851448059082,298.533630371094
14295.4152531745,7.7195463180542,298.54541015625
14347.2274608182,7.641357421875,298.559478759766
14399.1870324592,7.56374454498291,298.573455810547
14442.5992853894,7.49950885772705,298.585052490234
14486.114634578,7.43567276000977,298.596557617188
14529.7331493099,7.37223386764526,298.608001708984
14573.4553701754,7.30919408798218,298.619384765625
14617.2813664615,7.24655151367188,298.630706787109
14670.0100676155,7.17190456390381,298.644195556641
14714.065864749,7.1101336479187,298.655395507813
14767.071476027,7.03652906417847,298.668731689453
14811.3584635524,6.97562551498413,298.679748535156
14873.5373032814,6.89102220535278,298.695098876953
14918.0782405818,6.8310604095459,298.705993652344
14962.7258641167,6.77148962020874,298.716827392578
15007.4797025826,6.71230888366699,298.727569580078
15061.3258159113,6.64180374145508,298.740417480469
15106.3156544972,6.58347749710083,298.751037597656
15160.4458647356,6.51399326324463,298.763702392578
15205.673602349,6.45651340484619,298.774169921875
15260.0898015817,6.38804388046265,298.786682128906
15305.5563184147,6.3314061164856,298.797027587891
15351.1319609884,6.27514934539795,298.807312011719
15396.8171381691,6.21927118301392,298.817535400391
15451.7837826529,6.15271663665771,298.829711914063
15497.7105874197,6.09766817092896,298.839782714844
15552.9689176353,6.0321044921875,298.851806640625
15608.386778165,5.96707725524902,298.863739013672
15654.6912954984,5.91329479217529,298.873596191406
15710.4027338679,5.84924459457397,298.885375976563
15766.2757263641,5.78572225570679,298.897033691406
15812.9601879627,5.73318767547607,298.906707763672
15859.757101829,5.68101644515991,298.916290283203
15916.062813368,5.61888742446899,298.927734375
15963.1080566667,5.56750774383545,298.937225341797
16019.7128349562,5.50632381439209,298.948486328125
16067.0091867539,5.45572662353516,298.957824707031
16114.4198136283,5.40548038482666,298.967102050781
16171.4640889105,5.34564733505249,298.978179931641
16219.1276607647,5.29616737365723,298.9873046875
16276.476158955,5.23724746704102,298.998229980469
16324.3936184336,5.18852424621582,299.007232666016
16372.4269747752,5.14014053344727,299.016204833984
16420.5769208134,5.09209394454956,299.025115966797
16468.8435814424,5.04438066482544,299.033966064453
16526.9183837529,4.98756313323975,299.044494628906
16585.1614557318,4.93121814727783,299.054962158203
16633.8273757439,4.88462257385254,299.063629150391
16682.6110291105,4.83835029602051,299.072235107422
16731.513157426,4.79239749908447,299.080780029297
16790.3531572021,4.73767423629761,299.090942382813
16839.5169698567,4.69242143630981,299.099365234375
16888.8002762084,4.6474871635437,299.107757568359
16938.203277279,4.60287141799927,299.116058349609
16997.6451464013,4.54975175857544,299.1259765625
17047.3130129403,4.50583362579346,299.134185791016
17097.1012533741,4.46223258972168,299.142333984375
17147.0100062737,4.41894960403442,299.150421142578
17197.0404289501,4.37598180770874,299.158447265625
17257.2377379444,4.32483863830566,299.167999267578
17307.5368102574,4.2825665473938,299.175933837891
17357.9572752356,4.24061059951782,299.183776855469
17418.6245753245,4.19067764282227,299.193145751953
17469.3160046012,4.14941263198853,299.200866699219
17520.1311274596,4.10846185684204,299.208557128906
17571.0696804763,4.06782341003418,299.216186523438
17632.3599254921,4.01947164535522,299.225250244141
17683.5712032056,3.97952151298523,299.232757568359
17734.908336871,3.93988108634949,299.240234375
17796.6768342252,3.89272332191467,299.249084472656
17848.2887301057,3.85376691818237,299.256408691406
17900.0268976777,3.81511878967285,299.263702392578
17962.2786650048,3.7691478729248,299.272369384766
18024.7129234425,3.72361993789673,299.280944824219
18087.3295481473,3.67853236198425,299.289428710938
18139.6502751797,3.64129567146301,299.296478271484
18202.6031318073,3.597012758255,299.304840087891
18255.2045076551,3.56044363975525,299.311737060547
18318.4954262474,3.51695966720581,299.319946289063
18371.379264785,3.48105478286743,299.326751708984
18424.391986559,3.44544816017151,299.333465576172
18488.1778058892,3.40311551094055,299.341491699219
18541.4751065663,3.3681652545929,299.348114013672
18605.6033272636,3.32661461830139,299.355987548828
18659.1867025341,3.29231333732605,299.362487792969
18712.9006421352,3.25830602645874,299.368927001953
18777.5300959195,3.21788167953491,299.376586914063
18831.5322793693,3.18451285362244,299.382934570313
18896.5087086773,3.14485335350037,299.390441894531
18950.8008114473,3.11211800575256,299.396667480469
19005.2251479392,3.07966899871826,299.40283203125
19059.7820560234,3.04750323295593,299.408966064453
19125.4255621452,3.0092761516571,299.416229248047
19180.2751357743,2.97772884368896,299.422210693359
19235.2583153737,2.94646048545837,299.428161621094
19301.4147178441,2.9093029499054,299.435241699219
19356.6927634585,2.87863945960999,299.441101074219
19412.105329882,2.8482494354248,299.446899414063
19467.6526025201,2.81813025474548,299.45263671875
19523.3352571048,2.78827881813049,299.458312988281
19590.3330432051,2.75280928611755,299.465087890625
19657.5265369578,2.71772050857544,299.471801757813
19713.6709296004,2.6887674331665,299.477325439453
19781.2241043627,2.6543664932251,299.48388671875
19837.6692072375,2.625981092453,299.489318847656
19894.2515563854,2.59785032272339,299.494689941406
19950.9713250498,2.56997203826904,299.500030517578
20019.2169685345,2.53684639930725,299.506378173828
20076.2403270934,2.50951313972473,299.511596679688
20133.4022868595,2.48242402076721,299.516784667969
20202.1798528738,2.45023584365845,299.52294921875
20271.1578046811,2.41839051246643,299.529052734375
20328.7930211606,2.3921115398407,299.534088134766
20386.5680274336,2.36606478691101,299.539093017578
20456.0831136307,2.33511090278625,299.545013427734
20514.1668280402,2.309565782547,299.549926757813
20584.0535262319,2.27920460700989,299.555755615234
20642.4479101484,2.25414490699768,299.560546875
20700.984045237,2.22930097579956,299.565338134766
20771.4138381877,2.19976997375488,299.571014404297
20842.0486257768,2.17053985595703,299.576629638672
20901.0677759185,2.14640688896179,299.581268310547
20972.0795571712,2.11771368980408,299.586791992188
21031.4133758041,2.0940203666687,299.591339111328
21090.8908826911,2.07052135467529,299.595855712891
21162.4536249342,2.04257392883301,299.601257324219
21234.2240717097,2.01490354537964,299.606567382813
21294.1919747861,1.99205911159515,299.610961914063
21366.3443637153,1.96490120887756,299.6162109375
21426.6313431632,1.94248247146606,299.620544433594
21499.1679059195,1.91583502292633,299.625671386719
21559.7753825369,1.89384162425995,299.629913330078
21620.5290494105,1.87204086780548,299.634124755859
21681.4293847326,1.85043287277222,299.638275146484
21754.7038915205,1.82475745677948,299.643249511719
21815.9279813878,1.80357193946838,299.647338867188
21877.2993427175,1.78257834911346,299.651397705078
21938.8185922984,1.76177597045898,299.655426025391
22012.8377451036,1.737065076828,299.660186767578
22087.0703618528,1.71262872219086,299.664916992188
22149.0945134935,1.69247436523438,299.668823242188
22223.7210000487,1.66853880882263,299.673431396484
22286.0741874261,1.64880049228668,299.677276611328
22348.5766838867,1.62925124168396,299.681060791016
22411.2297091822,1.60988926887512,299.684814453125
22486.6128387535,1.58690285682678,299.689239501953
22549.597478006,1.56795334815979,299.692932128906
22612.7329857317,1.54919040203094,299.696563720703
22676.0202421002,1.53061294555664,299.700164794922
22739.4591847457,1.51222050189972,299.703735351563
22803.0499384566,1.49401247501373,299.707244873047
22866.7937368137,1.47598874568939,299.710754394531
22943.4869252731,1.45460188388824,299.714904785156
23007.5660594641,1.4369797706604,299.718322753906
23084.6638950011,1.41607320308685,299.722381591797
23161.982374726,1.39542710781097,299.726379394531
23226.5839664732,1.37841963768005,299.729705810547
23304.3102744629,1.35824656486511,299.733612060547
23382.2598671818,1.33832979202271,299.737487792969
23447.3879778772,1.3219268321991,299.740692138672
23525.7474226877,1.30247569084167,299.744445800781
23591.217910793,1.28645873069763,299.747589111328
23656.8450267666,1.27061557769775,299.750671386719
23735.8034831063,1.25183248519897,299.754302978516
23801.7748893733,1.236368060112,299.75732421875
23881.1479522733,1.21803629398346,299.760894775391
23947.4651320286,1.20294630527496,299.763824462891
24027.2551024671,1.18505942821503,299.767303466797
24093.9204952812,1.17033791542053,299.770172119141
24174.1273362285,1.15289044380188,299.773590087891
24241.1415671129,1.1385315656662,299.7763671875
24321.768833729,1.12151539325714,299.779693603516
24389.1336676304,1.10751354694366,299.782440185547
24470.1825716475,1.09092223644257,299.785675048828
24551.462147311,1.0745587348938,299.788848876953
24619.3717904558,1.0610955953598,299.791473388672
24687.4423733047,1.04778778553009,299.794067382813
24769.3398615482,1.0320211648941,299.797149658203
24837.7655596819,1.01905012130737,299.799682617188
24920.0900423969,1.00368368625641,299.802673339844
25002.6481644383,0.988531351089478,299.805633544922
25085.4404005696,0.973590970039368,299.808563232422
25154.6131509941,0.961299896240234,299.810974121094
25223.9492383173,0.94915235042572,299.813354492188
25307.3684620544,0.934761941432953,299.816162109375
25404.9897678666,0.918226897716522,299.819396972656
25488.9213566132,0.904267907142639,299.822113037109
25559.0457882863,0.892784118652344,299.824371337891
25643.4129180616,0.879178524017334,299.827026367188
25713.9008106064,0.867984414100647,299.829193115234
25784.5545801932,0.856918931007385,299.831359863281
25869.5587299182,0.843807518482208,299.833923339844
25940.5785351564,0.833018183708191,299.836059570313
26026.022464141,0.820231854915619,299.838562011719
26097.4097605095,0.809708595275879,299.840606689453
26168.9644240623,0.799302756786346,299.842651367188
26255.0519122445,0.786967575550079,299.845062255859
26326.9761358014,0.776812493801117,299.847045898438
26413.5079082926,0.76477175951004,299.849395751953
26500.2827910978,0.752885758876801,299.851745605469
26572.7813388158,0.743096172809601,299.853668212891
26645.449121616,0.733408749103546,299.855560302734
26718.2865414656,0.723821103572845,299.857421875
26791.2950884099,0.714330792427063,299.859283447266
26864.4737506612,0.704935014247894,299.861145019531
26952.5131389413,0.693781673908234,299.863311767578
27026.0678000061,0.684587836265564,299.865112304688
27114.5593322172,0.673684597015381,299.867248535156
27188.4915515475,0.664706230163574,299.869018554688
27262.5957782805,0.655825972557068,299.870758056641
27351.748727125,0.645298361778259,299.872833251953
27441.1501750941,0.634910523891449,299.874847412109
27515.8417734548,0.626360714435577,299.876525878906
27590.7068070039,0.617907285690308,299.878204345703
27665.7459528714,0.609550058841705,299.879852294922
27756.022963498,0.599647700786591,299.881774902344
27831.445999695,0.591500818729401,299.883392333984
27922.1847317353,0.581849575042725,299.885284423828
28013.1763693976,0.57233464717865,299.887145996094
28119.6531939993,0.561404883861542,299.889282226563
28211.1933898098,0.552182197570801,299.89111328125
28318.312590493,0.54159140586853,299.893188476563
28395.0390010976,0.534137368202209,299.894653320313
28502.7540974746,0.523855805397034,299.896667480469
28595.3586479343,0.515185117721558,299.898376464844
28672.7251700087,0.508059322834015,299.899780273438
28765.8006413545,0.499626904726028,299.901428222656
28843.560544054,0.49269825220108,299.902801513672
28921.4996559495,0.485858410596848,299.904144287109
29015.2635515593,0.477767050266266,299.905731201172
29109.2864209025,0.469801723957062,299.907287597656
29203.5690629234,0.461961597204208,299.908843994141
29282.3368991427,0.455522835254669,299.910095214844
29377.096781634,0.447908967733383,299.911590576172
29472.1182289947,0.44041720032692,299.9130859375
29583.3067780834,0.431829571723938,299.914764404297
29678.8955168047,0.424598067998886,299.916198730469
29758.7538989675,0.418662339448929,299.917358398438
29854.8249989393,0.411646842956543,299.918731689453
29951.1597940278,0.404747188091278,299.920104980469
30031.6408101432,0.399085193872452,299.921203613281
30128.4610222843,0.392394781112671,299.922515869141
30209.3474402048,0.386905163526535,299.923614501953
30322.8991640657,0.379349082708359,299.925109863281
30404.2290676307,0.374043136835098,299.926147460938
30518.4030389194,0.366740733385086,299.927581787109
30616.5568106823,0.360596835613251,299.928802490234
30714.9787274925,0.354557812213898,299.929992675781
30813.6694212629,0.348622053861618,299.93115234375
30912.6293789287,0.34278804063797,299.932312011719
31011.8590522646,0.337053954601288,299.933441162109
31094.7569380655,0.332350790500641,299.934356689453
31194.4827762824,0.326795816421509,299.935455322266
31277.794880348,0.322239369153976,299.936340332031
31378.0187302119,0.316857427358627,299.937408447266
31478.5150512613,0.311567366123199,299.938446044922
31579.2845806018,0.306367307901382,299.939483642578
31680.3276061961,0.301255345344543,299.940490722656
31781.6442964778,0.29622957110405,299.941467285156
31883.2356137998,0.291287958621979,299.942443847656
32002.1067734122,0.285626500844955,299.943572998047
32087.2449591595,0.28164929151535,299.944366455078
32189.6638780381,0.276947915554047,299.945281982422
32292.3598903388,0.272322475910187,299.946197509766
32395.3330982866,0.267770618200302,299.947082519531
32498.5843694648,0.263290345668793,299.947967529297
32602.1145318664,0.258879125118256,299.948852539063
32705.9238520738,0.254534840583801,299.94970703125
32810.0128196047,0.250255048274994,299.950531005859
32914.3820125656,0.246037244796753,299.951385498047
33019.0320975736,0.241879224777222,299.952209472656
33123.9634671217,0.237778201699257,299.953002929688
33229.1767240213,0.233731970191002,299.953796386719
33317.070174262,0.230399832129478,299.954467773438
33422.8016440737,0.226446896791458,299.955230712891
33528.8165690872,0.222541034221649,299.956024169922
33635.1156222667,0.218680500984192,299.956756591797
33741.6991896643,0.214872106909752,299.95751953125
33848.5684185923,0.211117342114449,299.958251953125
33937.8439205774,0.208029419183731,299.958862304688
34045.2376390247,0.204372689127922,299.959594726563
34152.9181021086,0.200769111514091,299.960296630859
34242.8710790859,0.197806507349014,299.960876464844
34351.0787404423,0.194299638271332,299.961578369141
34441.4723194561,0.1914172321558,299.962158203125
34550.20953382,0.188006117939949,299.962829589844
34659.236482659,0.184646874666214,299.963500976563
34768.553290086,0.181339234113693,299.964141845703
34878.1607316913,0.178082913160324,299.964782714844
34969.722744766,0.17540816962719,299.965301513672
35061.4874709478,0.172768607735634,299.9658203125
35171.8729671316,0.169647425413132,299.966461181641
35282.5510827402,0.166576206684113,299.967041015625
35393.5225149631,0.163554698228836,299.967651367188
35504.7879481602,0.160582572221756,299.968231201172
35616.3479430265,0.157659456133842,299.968811035156
35709.5400200223,0.155260667204857,299.969299316406
35802.9373055478,0.152895346283913,299.969757080078
35915.2856085737,0.150100946426392,299.970306396484
36027.9304885989,0.147354051470757,299.970855712891
36140.8727306421,0.144654288887978,299.971374511719
36235.2187178951,0.142440095543861,299.971832275391
36348.7075759755,0.13982555270195,299.972351074219
36443.5099067523,0.137681737542152,299.972778320313
36557.5471885959,0.135150939226151,299.973266601563
36671.884610819,0.132665112614632,299.973754882813
36767.3952941514,0.130627557635307,299.974151611328
36882.2842210406,0.128222867846489,299.974639892578
36978.2555166991,0.126252368092537,299.975036621094
37093.6980439895,0.123927175998688,299.975494384766
37190.131255766,0.122022144496441,299.975860595703
37286.7754519704,0.12014639377594,299.976226806641
37403.0267068365,0.117933735251427,299.976654052734
37519.5823200366,0.11576221883297,299.977111816406
37636.4428154606,0.113631285727024,299.977508544922
37773.1662444352,0.111195623874664,299.977996826172
37871.0809516812,0.10948871076107,299.978332519531
37988.8597491971,0.107475936412811,299.978729248047
38106.9458232833,0.105501286685467,299.979125976563
38205.586406325,0.103884413838387,299.979431152344
38324.2376574884,0.10197801142931,299.979827880859
38443.1982289366,0.100107908248901,299.980194091797
38562.468748129,0.0982734486460686,299.980560302734
38682.0495091584,0.0964738801121712,299.980895996094
38781.9376878099,0.0950004458427429,299.981201171875
38902.0890370297,0.0932630598545074,299.981536865234
39022.5525256196,0.0915586203336716,299.981872558594
39123.177473976,0.0901628062129021,299.982147216797
39244.2144188294,0.0885166451334953,299.982482910156
39365.5650446197,0.0869012400507927,299.982818603516
39487.2298806212,0.0853158012032509,299.983123779297
39609.2097880038,0.0837594866752625,299.983428955078
39711.1004216439,0.082484245300293,299.983673095703
39833.6595274728,0.080979235470295,299.983978271484
39956.5347666906,0.0795010104775429,299.984252929688
40059.17319211,0.0782890096306801,299.984497070313
40182.6309365195,0.0768575966358185,299.984802246094
40285.7555729473,0.0756834223866463,299.985015869141
40409.7974955891,0.07429588586092,299.985290527344
40534.1592848334,0.0729309692978859,299.985565185547
40638.0387606808,0.0718101635575294,299.985778808594
40742.140808223,0.0707038640975952,299.985992431641
40867.3580795935,0.0693946480751038,299.986267089844
40971.9515189759,0.068318285048008,299.986480712891
41097.7595990142,0.0670433863997459,299.986724853516
41223.8907561572,0.0657856911420822,299.986968994141
41329.2472868629,0.0647500827908516,299.987182617188
41455.9718607559,0.0635213553905487,299.987426757813
41561.8241833607,0.0625084042549133,299.987640380859
41689.1451607697,0.0613050907850266,299.987854003906
41838.0981137264,0.0599166937172413,299.988128662109
41944.7653830284,0.05893424898386,299.988342285156
42051.6599430015,0.0579588040709496,299.988525390625
42180.2341861005,0.0567992255091667,299.98876953125
42309.1369947372,0.0556568950414658,299.988983154297
42416.8072285316,0.0547182336449623,299.989166259766
42546.3136481573,0.0536077544093132,299.989379882813
42654.4877171454,0.0526954904198647,299.989562988281
42784.5997897728,0.0516164936125278,299.989776611328
42893.2803364636,0.0507303588092327,299.989959716797
43024.0010410029,0.0496825389564037,299.990173339844
43155.0543294126,0.048651535063982,299.990356445313
43264.5203319351,0.047805167734623,299.990539550781
43396.1856822937,0.0468047372996807,299.99072265625
43528.185814551,0.045820839703083,299.990936279297
43660.5207161591,0.044853363186121,299.991119384766
43771.0564199139,0.0440595485270023,299.991271972656
43904.0076235939,0.0431217662990093,299.991455078125
44037.295963636,0.0422000288963318,299.991638183594
44148.627303036,0.0414440631866455,299.991790771484
44282.535252707,0.040551383048296,299.991973876953
44416.7819909065,0.0396743416786194,299.992156982422
44528.9137019002,0.0389553122222424,299.992279052734
44641.2814871833,0.0382469743490219,299.992431640625
44776.4352114002,0.0374109484255314,299.992584228516
44911.9302432392,0.0365900099277496,299.992767333984
45047.7676877215,0.0357840061187744,299.992919921875
45183.9480031101,0.034992802888155,299.993072509766
45297.6938537703,0.0343446396291256,299.993194580078
45434.5045265984,0.033580120652914,299.993347167969
45571.6598835521,0.0328298956155777,299.993499755859
45709.1604455541,0.0320938155055046,299.99365234375
45847.007709109,0.0313716866075993,299.993774414063
45962.144564132,0.0307804476469755,299.993896484375
46100.6273849818,0.030083429068327,299.994049072266
46239.458298126,0.0293998625129461,299.994171142578
46355.4170170451,0.0288403239101171,299.994293212891
46494.8872910542,0.0281808730214834,299.994415283203
46634.7080107516,0.0275342874228954,299.994537353516
46774.8795046448,0.0269003678113222,299.994659423828
46915.4019127015,0.0262789074331522,299.994781494141
47032.7729165643,0.025770390406251,299.994903564453
47150.3888883177,0.0252702478319407,299.994995117188
47268.2501071863,0.0247783698141575,299.995086669922
47410.0080271964,0.0241988170892,299.995208740234
47575.840602897,0.0235371515154839,299.995330810547
47718.3675626861,0.0229821503162384,299.995452880859
47885.0991121125,0.0223484858870506,299.995574951172
48028.3982044203,0.0218169186264277,299.995666503906
48148.0871861166,0.0213819332420826,299.995758056641
48268.0249636471,0.0209540408104658,299.995849609375
48412.2786580673,0.0204497277736664,299.995941162109
48556.8928765451,0.019955150783062,299.996032714844
48701.8663161441,0.0194700732827187,299.996154785156
48847.2006076754,0.0189942140132189,299.996246337891
48992.8964542616,0.0185272898525,299.996337890625
49114.5869429804,0.0181448087096214,299.996398925781
49260.9478059919,0.0176935400813818,299.996490478516
49407.672800063,0.0172505658119917,299.99658203125
49530.2221051011,0.0168879348784685,299.996643066406
49702.2162912121,0.016390198841691,299.996765136719
49850.0367687163,0.0159727036952972,299.996826171875
49973.5000048877,0.0156311802566051,299.996887207031
50121.9927331459,0.0152289662510157,299.996978759766
50270.8532512967,0.0148349795490503,299.9970703125
50395.185465764,0.0145128825679421,299.997131347656
50519.7740126777,0.0141963949427009,299.997192382813
50669.6193468886,0.0138239515945315,299.997253417969
50819.8352319596,0.013459449633956,299.997344970703
50945.2987102681,0.0131617002189159,299.997375488281
51096.1959522592,0.0128115164116025,299.997467041016
51247.4662670608,0.0124690243974328,299.997528076172
51373.8101888745,0.0121894227340817,299.997589111328
51500.4134344519,0.0119150411337614,299.997650146484
51627.2771514242,0.0116458348929882,299.997680664063
51779.8583199094,0.0113295326009393,299.997741699219
51907.2960920732,0.0110715068876743,299.997802734375
52060.5673171522,0.0107684629037976,299.997863769531
52214.2160000388,0.0104725044220686,299.997924804688
52342.5456806836,0.0102312080562115,299.997985839844
52496.8885428625,0.00994798261672258,299.998016357422
52651.6110435855,0.00967154465615749,299.998077392578
52806.7137801397,0.00940178800374269,299.998138427734
52962.1982810906,0.00913861114531755,299.998199462891
53118.0642203931,0.00888190139085054,299.998229980469
53248.2447284617,0.00867282226681709,299.998291015625
53404.81340309,0.00842766184359789,299.998321533203
53535.5803197561,0.00822804402559996,299.998382568359
53666.6147366085,0.00803262460976839,299.998413085938
53850.5129244397,0.00776593247428536,299.998474121094
53982.1907507037,0.0075802686624229,299.998504638672
54114.1372698905,0.00739855319261551,299.99853515625
54272.8290803574,0.00718559371307492,299.998565673828
54431.9089106459,0.0069780726917088,299.998626708984
54591.3779596216,0.006775863468647,299.998657226563
54724.5673022039,0.00661131367087364,299.998687744141
54884.7522149676,0.00641847820952535,299.998718261719
55045.3286420357,0.00623056571930647,299.998779296875
55206.297593001,0.00604742579162121,299.998809814453
55340.7387704451,0.00589835178107023,299.998840332031
55502.4291073469,0.00572358630597591,299.998870849609
55637.4724545727,0.00558128580451012,299.998901367188
55799.8873965822,0.00541439605876803,299.998931884766
55935.5354560161,0.00527844158932567,299.998962402344
56098.6764715121,0.0051189074292779,299.998992919922
56234.9316200418,0.00498886359855533,299.9990234375
56398.8025038877,0.00483615091070533,299.999053955078
56563.0730300321,0.00468692509457469,299.999084472656
56727.7429653945,0.00454106135293841,299.999084472656
56865.2740751327,0.00442226463928819,299.999114990234
57058.2859905749,0.00426023500040174,299.999145507813
57196.4869083366,0.00414751935750246,299.999176025391
57362.6973636876,0.00401553930714726,299.999206542969
57529.3124578486,0.00388708687387407,299.999237060547
57668.466871347,0.00378269678913057,299.999237060547
57835.8242710326,0.00366057199425995,299.999267578125
58003.5880165978,0.0035418183542788,299.999298095703
58171.7586939716,0.00342638674192131,299.999328613281
58340.3374823664,0.00331421545706689,299.999328613281
58481.1320950603,0.00322318752296269,299.999359130859
58650.4615878548,0.00311684561893344,299.999389648438
58820.2007317132,0.00301359896548092,299.999389648438
58961.9639613075,0.00292987911961973,299.999420166016
59132.4580876818,0.0028321489226073,299.999450683594
59274.8517603495,0.00275293900631368,299.999450683594
59417.5324818547,0.00267572095617652,299.999481201172
59589.1291300992,0.00258563319221139,299.999481201172
59761.1411570085,0.00249829282984138,299.99951171875
59904.8017663162,0.00242755934596062,299.99951171875
60048.7519664596,0.00235864566639066,299.999542236328
60221.8748348638,0.00227829976938665,299.999542236328
60395.4161517849,0.00220044725574553,299.999572753906
60569.3769092732,0.00212502060458064,299.999572753906
60743.7571149629,0.00205194251611829,299.999603271484
60889.3954790697,0.00199278816580772,299.999603271484
61064.5480105981,0.00192382861860096,299.999603271484
61210.8316311814,0.00186799827497453,299.999633789063
61386.759361702,0.00180290080606937,299.999633789063
61563.1118777366,0.00173979694955051,299.999664306641
61739.8887681125,0.00167860998772085,299.999664306641
61887.5285743709,0.00162902695592493,299.999664306641
62035.464418211,0.00158066896256059,299.999694824219
62183.6971489199,0.00153349060565233,299.999694824219
62361.9691741552,0.00147827842738479,299.999694824219
62510.8569604253,0.00143264594953507,299.999725341797
62689.9167590112,0.00137806264683604,299.999725341797
62839.4618649435,0.00133275904227048,299.999725341797
63019.3114212502,0.0012786538572982,299.999755859375
63169.5164504325,0.00123381859157234,299.999755859375
63350.1594411782,0.00118036149069667,299.999755859375
63501.0269611599,0.00113613810390234,299.999786376953
63682.4668464822,0.00108350359369069,299.999786376953
63864.3423970811,0.00103139376733452,299.999786376953
64046.6544044347,0.000979861593805254,299.999816894531
64198.9154483347,0.000937400211114436,299.999816894531
64351.481035054,0.0008954091463238,299.999816894531
64565.5858313445,0.000837475759908557,299.999847412109
64749.5806233041,0.000788673176430166,299.999847412109
64903.2468085841,0.000748651742469519,299.999847412109
65088.0512990759,0.000701451906934381,299.999847412109
65242.3932233632,0.000662847247440368,299.999877929688
65428.010832268,0.000617448706179857,299.999877929688
65614.0725758733,0.000573118799366057,299.999877929688
65800.5805073745,0.000529917364474386,299.999908447266
65987.5344430862,0.000487907644128427,299.999908447266
66143.6716050403,0.000453854096122086,299.999908447266
66331.4467779095,0.000414193025790155,299.999908447266
66519.671412256,0.000375903211534023,299.999938964844
66708.3464994747,0.000339051708579063,299.999938964844
66897.4729465051,0.000303701934171841,299.999938964844
67087.0518280435,0.000269924028543755,299.999938964844
67277.0839030116,0.000237784581258893,299.999938964844
67435.7908189993,0.00021230336278677,299.999969482422
67594.8135155091,0.000188047255505808,299.999969482422
67786.0587009634,0.000160614770720713,299.999969482422
67977.7605691127,0.00013507874973584,299.999969482422
68137.8617251844,0.000115297334559727,299.999969482422
68298.2818782398,9.69237735262141E-05,299.999969482422
68491.2065693742,7.6794734923169E-05,299.999969482422
68652.3290832732,6.16694451309741E-05,300
68846.0991297102,4.55636181868613E-05,300
69007.9271418235,3.38978170475457E-05,300
69202.5451866578,2.20721794903511E-05,300
69397.6275107291,1.269108724955E-05,300
69593.1748076289,5.83309292778722E-06,300
69789.188484562,1.57819488322275E-06,300
69985.6693050491,7.32298044425761E-09,300
