Time,Vmax,Vvert,Altitude,Error,ThrustSet,MaxAccUp
0.08,84.48,20.07,11947.7,64.52,0,0.44
0.2,85.1,20.14,11945.29,65.09,0,0.45
0.32,85.79,20.22,11942.87,65.64,0,0.45
0.44,86.43,20.29,11940.43,66.21,0,0.46
0.56,86.98,20.37,11937.99,66.75,0,0.47
0.68,87.6,20.43,11935.54,67.21,0,0.47
0.8,88.27,20.51,11933.09,67.86,0,0.48
0.92,88.92,20.59,11930.62,68.44,0,0.49
1.04,89.56,20.66,11928.14,69,0,0.49
1.16,90.19,20.74,11925.66,69.55,0,0.5
1.28,90.82,20.81,11923.16,70.11,0,0.51
1.4,91.45,20.89,11920.66,70.66,0,0.51
1.52,92.07,20.96,11918.15,71.21,0,0.52
1.64,92.66,21.04,11915.63,71.74,0,0.53
1.76,93.31,21.11,11913.1,72.31,0,0.54
1.88,93.93,21.18,11910.56,72.84,0,0.54
2,94.52,21.26,11908.01,73.38,0,0.55
2.12,95.13,21.34,11905.45,73.93,0,0.56
2.24,95.77,21.41,11902.89,74.46,0,0.56
2.36,96.38,21.49,11900.31,75.02,0,0.57
2.48,97.01,21.56,11897.73,75.54,0,0.58
2.6,97.59,21.63,11895.14,76.05,0,0.58
2.72,98.19,21.71,11892.54,76.6,0,0.59
2.84,98.8,21.78,11889.93,77.08,0,0.6
2.96,99.38,21.86,11887.31,77.62,0,0.6
3.08,99.96,21.93,11884.68,78.13,0,0.61
3.2,100.54,22,11882.04,78.62,0,0.62
3.32,101.12,22.08,11879.39,79.13,0,0.63
3.44,101.67,22.15,11876.74,79.64,0,0.63
3.56,102.25,22.23,11874.08,80.12,0,0.64
3.68,102.86,22.3,11871.4,80.63,0,0.65
3.8,103.36,22.38,11868.72,81.1,0,0.65
3.92,103.93,22.45,11866.03,81.56,0,0.66
4.04,104.44,22.53,11863.33,82.02,0,0.67
4.16,104.96,22.6,11860.62,82.46,0,0.67
4.28,105.52,22.68,11857.91,82.93,0,0.68
4.4,106,22.75,11855.18,83.36,0,0.69
4.52,106.52,22.82,11852.44,83.77,0,0.69
4.64,107.05,22.9,11849.7,84.23,0,0.7
4.76,107.54,22.97,11846.95,84.67,0,0.71
4.88,108.05,23.05,11844.18,85.1,0,0.72
5,108.56,23.12,11841.41,85.56,0,0.72
5.12,109.11,23.19,11838.63,85.95,0,0.73
5.24,109.6,23.27,11835.84,86.41,0,0.74
5.36,110.1,23.35,11833.04,86.87,0,0.74
5.48,110.62,23.42,11830.24,87.25,0,0.75
5.6,111.08,23.5,11827.42,87.7,0,0.76
5.72,111.55,23.57,11824.6,88.08,0,0.76
5.84,112.06,23.64,11821.76,88.45,0,0.77
5.96,112.49,23.72,11818.92,88.85,0,0.78
6.08,112.94,23.79,11816.07,89.24,0,0.78
6.2,113.43,23.86,11813.21,89.62,0,0.79
6.32,113.92,23.94,11810.34,90.05,0,0.8
6.44,114.39,24.02,11807.46,90.48,0,0.81
6.56,114.87,24.09,11804.57,90.89,0,0.81
6.68,115.41,24.17,11801.68,91.33,0,0.82
6.8,115.88,24.24,11798.77,91.73,0,0.83
6.92,116.3,24.31,11795.86,92.08,0,0.83
7.04,116.76,24.39,11792.94,92.49,0,0.84
7.16,117.26,24.46,11790,92.87,0,0.85
7.28,117.79,24.53,11787.06,93.41,0,0.85
7.4,118.44,24.61,11784.11,93.96,0,0.86
7.52,119.06,24.68,11781.15,94.44,0,0.87
7.64,119.62,24.76,11778.19,94.96,0,0.87
7.76,120.18,24.83,11775.21,95.43,0,0.88
7.88,120.68,24.91,11772.22,95.82,0,0.89
8,121.13,24.98,11769.23,96.19,0,0.89
8.12,121.56,25.06,11766.23,96.65,0,0.9
8.24,122.15,25.13,11763.21,97.07,0,0.91
8.36,122.58,25.21,11760.19,97.46,0,0.92
8.48,123.04,25.28,11757.16,97.86,0,0.92
8.6,123.53,25.36,11754.12,98.27,0,0.93
8.72,123.98,25.43,11751.08,98.64,0,0.94
8.84,124.44,25.51,11748.02,99.05,0,0.94
8.96,124.91,25.58,11744.95,99.44,0,0.95
9.08,125.4,25.65,11741.88,99.87,0,0.96
9.2,125.95,25.72,11738.79,100.3,0,0.96
9.32,126.54,25.8,11735.7,100.81,0,0.97
9.44,126.98,25.88,11732.6,101.17,0,0.98
9.56,127.4,25.95,11729.49,101.54,0,0.99
9.68,127.87,26.03,11726.37,101.94,0,0.99
9.8,128.38,26.1,11723.24,102.4,0,1
9.92,128.88,26.17,11720.1,102.81,0,1.01
10.04,129.42,26.25,11716.96,103.2,0,1.01
10.16,129.87,26.32,11713.8,103.6,0,1.02
10.28,130.28,26.4,11710.64,103.99,0,1.03
10.4,130.78,26.46,11707.46,104.3,0,1.03
10.52,131.19,26.55,11704.28,104.75,0,1.04
10.64,131.67,26.62,11701.09,105.12,0,1.05
10.76,132.12,26.69,11697.89,105.5,0,1.05
10.88,132.6,26.77,11694.68,105.91,0,1.06
11,133.05,26.85,11691.46,106.33,0,1.07
11.12,133.52,26.92,11688.24,106.73,0,1.07
11.24,134.07,27,11685,107.18,0,1.08
11.36,134.56,27.06,11681.76,107.57,0,1.09
11.48,135.1,27.15,11678.5,108.06,0,1.1
11.6,135.61,27.21,11675.24,108.42,0,1.1
11.72,136.07,27.29,11671.97,108.84,0,1.11
11.84,136.48,27.37,11668.69,109.24,0,1.12
11.96,136.97,27.44,11665.4,109.63,0,1.12
12.08,137.34,27.52,11662.1,110,0,1.13
12.2,137.82,27.59,11658.79,110.29,0,1.14
12.32,138.25,27.67,11655.48,110.67,0,1.14
12.44,138.69,27.75,11652.15,111.03,0,1.15
12.56,139.17,27.8,11648.82,111.27,0,1.16
12.68,139.55,27.89,11645.47,111.73,0,1.16
12.8,140.06,27.97,11642.12,112.14,0,1.17
12.92,140.46,28.04,11638.76,112.47,0,1.18
13.04,140.87,28.1,11635.39,112.81,0,1.18
13.16,141.32,28.19,11632.01,113.19,0,1.19
13.28,141.73,28.26,11628.62,113.55,0,1.2
13.4,142.2,28.33,11625.23,113.9,0,1.2
13.52,142.59,28.41,11621.82,114.25,0,1.21
13.64,143.01,28.48,11618.41,114.6,0,1.22
13.76,143.39,28.56,11614.98,114.92,0,1.23
13.88,143.84,28.63,11611.55,115.25,0,1.23
14,144.26,28.7,11608.11,115.57,0,1.24
14.12,144.64,28.78,11604.66,115.89,0,1.25
14.24,144.99,28.85,11601.2,116.16,0,1.25
14.36,145.36,28.92,11597.73,116.43,0,1.26
14.48,145.7,29.01,11594.25,116.77,0,1.27
14.6,146.04,29.08,11590.77,117.01,0,1.27
14.72,146.41,29.15,11587.27,117.28,0,1.28
14.84,146.74,29.23,11583.77,117.59,0,1.29
14.96,147.09,29.3,11580.25,117.85,0,1.29
15.08,147.49,29.38,11576.73,118.18,0,1.3
15.2,147.89,29.45,11573.2,118.51,0,1.31
15.32,148.3,29.53,11569.66,118.85,0,1.32
15.44,148.72,29.6,11566.11,119.18,0,1.32
15.56,149.13,29.68,11562.55,119.53,0,1.33
15.68,149.54,29.75,11558.99,119.85,0,1.34
15.8,149.95,29.83,11555.41,120.19,0,1.34
15.92,150.38,29.9,11551.83,120.53,0,1.35
16.04,150.78,29.97,11548.23,120.87,0,1.36
16.16,151.17,30.05,11544.63,121.19,0,1.36
16.28,151.55,30.12,11541.02,121.5,0,1.37
16.4,151.96,30.2,11537.4,121.84,0,1.38
16.52,152.32,30.27,11533.77,122.13,0,1.38
16.64,152.72,30.35,11530.13,122.44,0,1.39
16.76,153.12,30.42,11526.48,122.76,0,1.4
16.88,153.5,30.5,11522.83,123.07,0,1.4
17,153.86,30.57,11519.16,123.34,0,1.41
17.12,154.21,30.64,11515.49,123.64,0,1.42
17.24,154.59,30.72,11511.8,123.92,0,1.42
17.36,154.95,30.79,11508.11,124.22,0,1.43
17.48,155.27,30.87,11504.41,124.46,0,1.44
17.6,155.62,30.94,11500.7,124.74,0,1.45
17.72,155.96,31.02,11496.98,125,0,1.45
17.84,156.34,31.09,11493.25,125.32,0,1.46
17.96,156.73,31.17,11489.51,125.66,0,1.47
18.08,157.16,31.24,11485.76,125.98,0,1.47
18.2,157.57,31.32,11482.01,126.31,0,1.48
18.32,157.94,31.39,11478.25,126.6,0,1.49
18.44,158.29,31.47,11474.47,126.89,0,1.49
18.56,158.64,31.54,11470.69,127.16,0,1.5
18.68,159,31.61,11466.9,127.44,0,1.51
18.8,159.37,31.69,11463.1,127.75,0,1.51
18.92,159.72,31.77,11459.29,128.03,0,1.52
19.04,160.04,31.84,11455.48,128.28,0,1.53
19.16,160.35,31.91,11451.65,128.5,0,1.53
19.28,160.68,31.99,11447.82,128.76,0,1.54
19.4,161.07,32.06,11443.97,129.06,0,1.55
19.52,161.47,32.13,11440.12,129.38,0,1.55
19.64,161.88,32.21,11436.26,129.75,0,1.56
19.76,162.27,32.29,11432.38,130.06,0,1.57
19.88,162.67,32.36,11428.5,130.38,0,1.58
20,163.04,32.44,11424.62,130.68,0,1.58
20.12,163.36,32.51,11420.72,130.88,0,1.59
20.24,163.63,32.59,11416.81,131.11,0,1.6
20.36,163.95,32.66,11412.9,131.33,0,1.6
20.48,164.25,32.73,11408.97,131.56,0,1.61
20.6,164.54,32.81,11405.04,131.76,0,1.62
20.72,164.8,32.89,11401.1,131.99,0,1.62
20.84,165.1,32.96,11397.14,132.2,0,1.63
20.96,165.42,33.03,11393.18,132.42,0,1.64
21.08,165.74,33.1,11389.21,132.64,0,1.64
21.2,166.03,33.18,11385.24,132.9,0,1.65
21.32,166.35,33.25,11381.25,133.16,0,1.66
21.44,166.71,33.33,11377.25,133.41,0,1.66
21.56,167.01,33.41,11373.25,133.68,0,1.67
21.68,167.31,33.47,11369.23,133.85,0,1.68
21.8,167.53,33.55,11365.21,134.03,0,1.68
21.92,167.81,33.62,11361.18,134.19,0,1.69
22.04,168.08,33.7,11357.14,134.38,0,1.7
22.16,168.36,33.78,11353.08,134.66,0,1.71
22.28,168.68,33.85,11349.03,134.86,0,1.71
22.4,168.93,33.93,11344.96,135.04,0,1.72
22.52,169.18,34.01,11340.88,135.23,0,1.73
22.64,169.49,34.08,11336.8,135.47,0,1.73
22.76,169.82,34.15,11332.7,135.72,0,1.74
22.88,170.14,34.22,11328.6,135.96,0,1.75
23,170.5,34.3,11324.48,136.25,0,1.75
23.12,170.84,34.38,11320.36,136.52,0,1.76
23.24,171.2,34.45,11316.23,136.82,0,1.77
23.36,171.63,34.53,11312.09,137.14,0,1.77
23.48,171.95,34.6,11307.94,137.4,0,1.78
23.6,172.32,34.67,11303.79,137.68,0,1.79
23.72,172.68,34.75,11299.62,137.96,0,1.79
23.84,173,34.83,11295.44,138.24,0,1.8
23.96,173.37,34.9,11291.26,138.5,0,1.81
24.08,173.7,34.98,11287.06,138.78,0,1.81
24.2,174.01,35.05,11282.86,139.01,0,1.82
24.32,174.31,35.13,11278.65,139.23,0,1.83
24.44,174.54,35.2,11274.43,139.39,0,1.84
24.56,174.83,35.28,11270.2,139.59,0,1.84
24.68,175.06,35.35,11265.96,139.78,0,1.85
24.8,175.34,35.43,11261.71,140.01,0,1.86
24.92,175.6,35.5,11257.46,140.18,0,1.86
25.04,175.94,35.57,11253.19,140.41,0,1.87
25.16,176.2,35.64,11248.92,140.62,0,1.88
25.28,176.53,35.72,11244.63,140.87,0,1.88
25.4,176.87,35.79,11240.34,141.08,0,1.89
25.52,177.14,35.88,11236.04,141.33,0,1.9
25.64,177.49,35.95,11231.73,141.6,0,1.9
25.76,177.83,36.02,11227.41,141.84,0,1.91
25.88,178.08,36.09,11223.08,142.04,0,1.92
26,178.39,36.17,11218.75,142.27,0,1.92
26.12,178.69,36.24,11214.4,142.52,0,1.93
26.24,179.04,36.33,11210.05,142.8,0,1.94
26.36,179.37,36.39,11205.68,143.01,0,1.94
26.48,179.66,36.47,11201.31,143.22,0,1.95
26.6,179.9,36.54,11196.93,143.43,0,1.96
26.72,180.23,36.62,11192.54,143.67,0,1.96
26.84,180.54,36.69,11188.14,143.88,0,1.97
26.96,180.87,36.77,11183.73,144.12,0,1.98
27.08,181.08,36.84,11179.31,144.33,0,1.98
27.2,181.43,36.92,11174.89,144.56,0,1.99
27.32,181.77,36.99,11170.45,144.81,0,2
27.44,182.09,37.07,11166.01,145.08,0,2.01
27.56,182.37,37.14,11161.55,145.25,0,2.01
27.68,182.63,37.21,11157.09,145.44,0,2.02
27.8,182.87,37.29,11152.62,145.65,0,2.03
27.92,183.15,37.36,11148.14,145.84,0,2.03
28.04,183.41,37.44,11143.65,146.04,0,2.04
28.16,183.67,37.51,11139.15,146.21,0,2.05
28.28,183.92,37.59,11134.65,146.34,0,2.05
28.4,184.13,37.66,11130.13,146.5,0,2.06
28.52,184.37,37.74,11125.61,146.69,0,2.07
28.64,184.63,37.81,11121.07,146.84,0,2.07
28.76,184.92,37.87,11116.53,146.97,0,2.08
28.88,185.1,37.97,11111.98,147.19,0,2.09
29,185.36,38.03,11107.42,147.32,0,2.09
29.12,185.59,38.11,11102.85,147.53,0,2.1
29.24,185.83,38.18,11098.27,147.69,0,2.11
29.36,186.07,38.26,11093.68,147.85,0,2.11
29.48,186.28,38.33,11089.08,147.97,0,2.12
29.6,186.49,38.41,11084.48,148.11,0,2.13
29.72,186.68,38.48,11079.86,148.23,0,2.13
29.84,186.85,38.56,11075.24,148.32,0,2.14
29.96,187.01,38.63,11070.61,148.41,0,2.15
30.08,187.21,38.7,11065.97,148.55,0,2.15
30.2,187.44,38.78,11061.32,148.7,0,2.16
30.32,187.69,38.85,11056.66,148.87,0,2.17
30.44,187.88,38.93,11051.99,149,0,2.17
30.56,188.08,39,11047.31,149.12,0,2.18
30.68,188.3,39.07,11042.63,149.25,0,2.19
30.8,188.55,39.15,11037.93,149.44,0,2.19
30.92,188.8,39.23,11033.23,149.61,0,2.2
31.04,189.05,39.3,11028.52,149.76,0,2.21
31.16,189.28,39.38,11023.79,149.94,0,2.22
31.28,189.54,39.45,11019.06,150.12,0,2.22
31.4,189.76,39.53,11014.32,150.27,0,2.23
31.52,189.99,39.6,11009.58,150.42,0,2.24
31.64,190.2,39.67,11004.82,150.56,0,2.24
31.76,190.43,39.75,11000.05,150.73,0,2.25
31.88,190.66,39.82,10995.28,150.89,0,2.26
32,190.9,39.9,10990.49,151.04,0,2.26
32.12,191.13,39.97,10985.7,151.21,0,2.27
32.24,191.41,40.05,10980.9,151.42,0,2.28
32.36,191.64,40.12,10976.09,151.57,0,2.28
32.48,191.87,40.19,10971.27,151.72,0,2.29
32.6,192.08,40.26,10966.44,151.85,0,2.3
32.72,192.32,40.34,10961.6,152.03,0,2.3
32.84,192.58,40.41,10956.75,152.18,0,2.31
32.96,192.76,40.49,10951.9,152.33,0,2.32
33.08,193.02,40.56,10947.03,152.47,0,2.32
33.2,193.21,40.64,10942.16,152.6,0,2.33
33.32,193.36,40.71,10937.28,152.69,0,2.34
33.44,193.54,40.78,10932.39,152.76,0,2.34
33.56,193.71,40.86,10927.49,152.85,0,2.35
33.68,193.82,40.94,10922.58,152.88,0,2.36
33.8,194.15,41.01,10917.66,153.27,0,2.36
33.92,194.9,41.09,10912.73,153.92,0,2.37
34.04,195.42,41.16,10907.8,154.33,0,2.38
34.16,195.84,41.24,10902.85,154.67,0,2.38
34.28,196.22,41.31,10897.9,154.98,0,2.39
34.4,196.68,41.39,10892.93,155.35,0,2.4
34.52,197.1,41.46,10887.96,155.69,0,2.4
34.64,197.51,41.54,10882.98,156.02,0,2.41
34.76,197.92,41.61,10877.99,156.35,0,2.42
34.88,198.34,41.69,10872.99,156.72,0,2.42
35,198.77,41.76,10867.98,157.04,0,2.43
35.12,199.12,41.83,10862.96,157.32,0,2.44
35.24,199.48,41.91,10857.94,157.62,0,2.44
35.36,199.81,41.99,10852.9,157.87,0,2.45
35.48,200.13,42.06,10847.86,158.1,0,2.46
35.6,200.39,42.13,10842.81,158.33,0,2.46
35.72,200.67,42.21,10837.74,158.5,0,2.47
35.84,200.93,42.29,10832.67,158.7,0,2.48
35.96,201.21,42.36,10827.59,158.87,0,2.48
36.08,201.49,42.44,10822.5,159.09,0,2.49
36.2,201.75,42.51,10817.4,159.25,0,2.5
36.32,201.98,42.59,10812.3,159.43,0,2.51
36.44,202.18,42.66,10807.18,159.53,0,2.51
36.56,202.37,42.73,10802.06,159.64,0,2.52
36.68,202.59,42.81,10796.92,159.8,0,2.53
36.8,202.77,42.89,10791.78,159.93,0,2.53
36.92,203.02,42.96,10786.63,160.08,0,2.54
37.04,203.27,43.04,10781.46,160.27,0,2.55
37.16,203.53,43.11,10776.29,160.45,0,2.55
37.28,203.8,43.18,10771.12,160.61,0,2.56
37.4,204.01,43.26,10765.93,160.76,0,2.57
37.52,204.19,43.34,10760.73,160.9,0,2.57
37.64,204.37,43.41,10755.52,160.98,0,2.58
37.76,204.57,43.49,10750.31,161.14,0,2.59
37.88,204.77,43.57,10745.09,161.26,0,2.59
38,204.93,43.63,10739.85,161.33,0,2.6
38.12,205.13,43.71,10734.61,161.41,0,2.61
38.24,205.18,43.78,10729.36,161.45,0,2.61
38.36,205.35,43.86,10724.1,161.52,0,2.62
38.48,205.53,43.93,10718.83,161.6,0,2.63
38.6,205.67,44.01,10713.55,161.69,0,2.63
38.72,205.8,44.09,10708.27,161.75,0,2.64
38.84,205.95,44.16,10702.97,161.82,0,2.65
38.96,206.07,44.23,10697.67,161.87,0,2.65
39.08,206.2,44.31,10692.35,161.92,0,2.66
39.2,206.32,44.38,10687.03,161.94,0,2.67
39.32,206.38,44.46,10681.7,161.92,0,2.67
39.44,206.37,44.53,10676.36,161.82,0,2.68
39.56,206.36,44.6,10671.01,161.73,0,2.69
39.68,206.27,44.68,10665.65,161.57,0,2.69
39.8,206.08,44.76,10660.28,161.3,0,2.7
39.92,205.83,44.83,10654.91,160.92,0,2.71
40.04,205.9,44.9,10649.52,161.04,0,2.71
40.16,206.13,44.99,10644.13,161.23,0,2.72
40.28,206.36,45.05,10638.72,161.31,0,2.73
40.4,206.5,45.13,10633.31,161.41,0,2.73
40.52,206.66,45.21,10627.89,161.46,0,2.74
40.64,206.8,45.28,10622.46,161.54,0,2.75
40.76,206.94,45.36,10617.02,161.58,0,2.75
40.88,207.06,45.43,10611.57,161.66,0,2.76
41,207.3,45.5,10606.11,161.8,0,2.77
41.12,207.43,45.58,10600.65,161.94,0,2.77
41.24,207.69,45.66,10595.17,162.06,0,2.78
41.36,207.87,45.71,10589.69,162.11,0,2.79
41.48,208.06,45.81,10584.2,162.3,0,2.79
41.6,208.31,45.89,10578.69,162.48,0,2.8
41.72,208.51,45.94,10573.18,162.51,0,2.81
41.84,208.6,46.03,10567.66,162.6,0,2.81
41.96,208.74,46.1,10562.13,162.64,0,2.82
42.08,208.85,46.18,10556.59,162.68,0,2.83
42.2,208.94,46.26,10551.05,162.71,0,2.84
42.32,209.07,46.33,10545.49,162.72,0,2.84
42.44,209.12,46.4,10539.92,162.69,0,2.85
42.56,209.25,46.49,10534.35,162.76,0,2.86
42.68,209.35,46.56,10528.77,162.85,0,2.86
42.8,209.55,46.64,10523.17,162.96,0,2.87
42.92,209.63,46.72,10517.57,163.06,0,2.88
43.04,209.83,46.77,10511.96,163.06,0,2.88
43.16,209.99,46.85,10506.34,163.16,0,2.89
43.28,210.15,46.93,10500.72,163.25,0,2.89
43.4,210.35,47,10495.08,163.39,0,2.9
43.52,210.53,47.07,10489.43,163.49,0,2.91
43.64,210.68,47.15,10483.78,163.56,0,2.91
43.76,210.85,47.22,10478.12,163.65,0,2.92
43.88,211.02,47.29,10472.44,163.74,0,2.93
44,211.16,47.37,10466.76,163.81,0,2.93
44.12,211.3,47.44,10461.07,163.88,0,2.94
44.24,211.49,47.52,10455.37,164.01,0,2.95
44.36,211.77,47.6,10449.66,164.21,0,2.95
44.48,211.98,47.67,10443.95,164.35,0,2.96
44.6,212.19,47.75,10438.22,164.47,0,2.97
44.72,212.38,47.82,10432.48,164.58,0,2.97
44.84,212.56,47.9,10426.74,164.69,0,2.98
44.96,212.72,47.97,10420.99,164.78,0,2.99
45.08,212.9,48.05,10415.22,164.9,0,3
45.2,213.1,48.12,10409.45,165.02,0,3
45.32,213.29,48.2,10403.67,165.14,0,3.01
45.44,213.55,48.27,10397.88,165.32,0,3.02
45.56,213.78,48.34,10392.09,165.46,0,3.02
45.68,214.03,48.42,10386.28,165.65,0,3.03
45.8,214.24,48.5,10380.46,165.78,0,3.03
45.92,214.42,48.57,10374.64,165.89,0,3.04
46.04,214.62,48.64,10368.8,166.01,0,3.05
46.16,214.84,48.72,10362.96,166.16,0,3.05
46.28,215.06,48.79,10357.11,166.32,0,3.06
46.4,215.33,48.86,10351.25,166.5,0,3.07
46.52,215.56,48.94,10345.38,166.68,0,3.07
46.64,215.82,49.02,10339.5,166.86,0,3.08
46.778,216.17,49.15,10331.77,167.07,0,3.09
46.972,216.51,49.29,10322.23,167.3,0,3.11
47.224,216.97,49.47,10309.81,167.55,0,3.12
47.534,217.33,49.69,10294.5,167.69,0,3.14
47.901,217.75,49.94,10276.26,167.91,0,3.16
48.325,218.29,50.23,10255.06,168.17,0,3.19
48.808,219.04,50.55,10230.85,168.62,0,3.22
49.347,219.91,50.91,10203.58,169.17,0,3.25
49.939,220.87,51.29,10173.48,169.73,0,3.28
50.539,221.5,51.66,10142.73,169.98,0,3.32
51.139,222.25,52.04,10111.76,170.37,0,3.35
51.739,223.05,52.41,10080.56,170.69,0,3.38
52.339,223.61,52.78,10049.14,170.92,0,3.42
52.939,224.25,53.16,10017.49,171.25,0,3.45
53.539,224.98,53.53,9985.62,171.51,0,3.48
54.139,225.31,53.91,9953.52,171.53,0,3.51
54.739,226.12,54.28,9921.2,171.87,0,3.55
55.339,228.06,54.66,9888.66,173.73,0,3.58
55.939,229.81,55.03,9855.89,175.05,0,3.61
56.539,231.23,55.4,9822.89,176,0,3.65
57.139,232.09,55.78,9789.68,176.43,0,3.68
57.739,232.85,56.15,9756.23,176.82,0,3.71
58.339,233.48,56.53,9722.57,176.99,0,3.74
58.939,233.7,56.9,9688.67,176.84,0,3.78
59.539,234.25,57.28,9654.56,177.04,0,3.81
60.139,234.41,57.65,9620.21,176.71,0,3.84
60.739,233.73,58.03,9585.65,175.39,0,3.88
61.339,233.37,58.4,9550.86,175.09,0,3.91
61.939,234.22,58.78,9515.84,175.56,0,3.94
62.539,234.86,59.15,9480.6,175.77,0,3.97
63.139,235.27,59.52,9445.13,175.83,0,4.01
63.739,235.56,59.9,9409.44,175.71,0,4.04
64.339,235.62,60.27,9373.53,175.38,0,4.07
64.939,235.8,60.65,9337.39,175.17,0,4.1
65.539,235.91,61.02,9301.02,174.89,0,4.14
66.139,235.98,61.4,9264.43,174.6,0,4.17
66.739,236.29,61.77,9227.62,174.64,0,4.2
67.339,236.79,62.15,9190.58,174.67,0,4.23
67.939,236.87,62.52,9153.31,174.36,0,4.26
68.539,237.05,62.9,9115.82,174.21,0,4.3
69.139,237.14,63.28,9078.11,173.85,0,4.33
69.739,237.29,63.65,9040.17,173.71,0,4.36
70.339,237.41,64.03,9002,173.35,0,4.39
70.939,237.27,64.4,8963.61,172.89,0,4.43
71.539,237.49,64.78,8925,172.73,0,4.46
72.139,237.57,65.15,8886.15,172.49,0,4.49
72.739,237.7,65.53,8847.09,172.22,0,4.52
73.339,237.75,65.9,8807.8,171.8,0,4.55
73.939,237.46,66.28,8768.28,171.18,0,4.59
74.539,237.38,66.65,8728.54,170.69,0,4.62
75.139,237.4,67.03,8688.57,170.42,0,4.65
75.739,237.64,67.41,8648.38,170.26,0,4.68
76.339,237.94,67.78,8607.96,170.18,0,4.71
76.939,237.85,68.16,8567.32,169.68,0,4.75
77.539,237.56,68.53,8526.45,168.97,0,4.78
78.139,237.43,68.91,8485.35,168.5,0,4.81
78.739,237.19,69.28,8444.03,167.88,0,4.84
79.339,237.21,69.66,8402.49,167.57,0,4.87
79.939,237.16,70.04,8360.72,167.05,0,4.9
80.539,236.73,70.41,8318.72,166.31,0,4.94
81.139,236.53,70.79,8276.5,165.68,0,4.97
81.739,236.13,71.17,8234.05,164.88,0,5
82.339,237.23,71.54,8191.38,165.75,0,5.03
82.938,237.71,71.91,8148.56,165.82,0,5.06
83.498,238.21,72.24,8108.33,166.06,0,5.09
84,238.52,72.53,8072.08,166,0,5.11
84.444,237.89,72.79,8039.86,164.93,0,5.13
84.831,237.27,73.01,8011.71,164.15,0,5.15
85.161,236.52,73.19,7987.67,163.19,0,5.17
85.432,236.33,73.34,7967.79,163.05,0,5.18
85.646,236.44,73.45,7952.09,163.04,0,5.19
85.803,236.72,73.53,7940.6,163.23,0,5.2
85.923,236.89,73.57,7933.21,163.35,0,5.2
86.043,237.01,73.64,7924.39,163.36,0,5.2
86.163,236.98,73.71,7915.58,163.25,0,5.21
86.283,236.91,73.79,7906.78,163.11,0,5.22
86.403,236.82,73.86,7897.98,162.94,0,5.22
86.523,236.78,73.94,7889.15,162.84,0,5.23
86.643,236.78,74.02,7880.32,162.74,0,5.24
86.763,236.69,74.09,7871.46,162.59,0,5.24
86.883,236.6,74.17,7862.59,162.43,0,5.25
87.003,236.62,74.24,7853.71,162.39,0,5.25
87.123,236.66,74.31,7844.82,162.36,0,5.26
87.243,236.76,74.39,7835.91,162.38,0,5.27
87.363,236.81,74.46,7827,162.35,0,5.27
87.483,236.83,74.54,7818.07,162.3,0,5.28
87.603,236.87,74.61,7809.13,162.26,0,5.29
87.723,236.88,74.69,7800.18,162.19,0,5.29
87.843,236.92,74.76,7791.22,162.17,0,5.3
87.963,236.97,74.84,7782.25,162.14,0,5.3
88.083,236.94,74.91,7773.27,162.03,0,5.31
88.203,236.87,74.98,7764.28,161.87,0,5.32
88.323,236.77,75.05,7755.29,161.69,0,5.32
88.443,236.67,75.13,7746.28,161.52,0,5.33
88.563,236.59,75.21,7737.26,161.39,0,5.33
88.683,236.55,75.28,7728.23,161.24,0,5.34
88.803,236.42,75.35,7719.2,161.04,0,5.35
88.923,236.3,75.43,7710.15,160.86,0,5.35
89.043,236.2,75.51,7701.1,160.69,0,5.36
89.163,236.15,75.58,7692.04,160.56,0,5.37
89.283,236.04,75.65,7682.96,160.38,0,5.37
89.403,235.97,75.73,7673.88,160.24,0,5.38
89.523,235.9,75.8,7664.79,160.1,0,5.38
89.643,235.81,75.88,7655.69,159.94,0,5.39
89.763,235.74,75.95,7646.58,159.78,0,5.4
89.883,235.66,76.03,7637.46,159.64,0,5.4
90.003,235.65,76.11,7628.33,159.54,0,5.41
90.123,235.57,76.17,7619.19,159.38,0,5.41
90.243,235.46,76.24,7610.05,159.17,0,5.42
90.363,235.34,76.32,7600.89,158.99,0,5.43
90.483,235.25,76.4,7591.73,158.84,0,5.43
90.603,235.18,76.48,7582.55,158.69,0,5.44
90.723,235.06,76.55,7573.37,158.48,0,5.45
90.843,234.89,76.63,7564.18,158.23,0,5.45
90.963,234.76,76.7,7554.98,158.04,0,5.46
91.083,234.69,76.77,7545.77,157.91,0,5.46
91.203,234.63,76.85,7536.55,157.76,0,5.47
91.323,234.57,76.93,7527.32,157.64,0,5.48
91.443,234.49,76.99,7518.08,157.46,0,5.48
91.563,234.39,77.07,7508.84,157.3,0,5.49
91.683,234.3,77.16,7499.58,157.14,0,5.5
91.803,234.19,77.23,7490.32,156.96,0,5.5
91.923,234.12,77.3,7481.05,156.79,0,5.51
92.043,233.96,77.38,7471.76,156.56,0,5.51
92.163,233.79,77.45,7462.47,156.31,0,5.52
92.283,233.67,77.53,7453.17,156.13,0,5.53
92.403,233.55,77.6,7443.86,155.93,0,5.53
92.523,233.44,77.68,7434.55,155.74,0,5.54
92.643,233.32,77.75,7425.22,155.54,0,5.54
92.763,233.12,77.82,7415.88,155.25,0,5.55
92.883,232.91,77.9,7406.54,154.95,0,5.56
93.003,232.64,77.98,7397.18,154.61,0,5.56
93.123,232.42,78.05,7387.82,154.34,0,5.57
93.243,232.22,78.14,7378.45,154.08,0,5.58
93.363,232.09,78.21,7369.06,153.86,0,5.58
93.483,231.92,78.28,7359.67,153.61,0,5.59
93.603,231.83,78.36,7350.27,153.45,0,5.59
93.723,231.69,78.43,7340.86,153.23,0,5.6
93.843,231.56,78.51,7331.45,153.03,0,5.61
93.963,231.42,78.58,7322.02,152.81,0,5.61
94.083,231.19,78.66,7312.58,152.48,0,5.62
94.203,230.99,78.74,7303.14,152.23,0,5.62
94.323,230.86,78.81,7293.69,152.03,0,5.63
94.443,230.72,78.88,7284.22,151.78,0,5.64
94.563,230.52,78.96,7274.75,151.53,0,5.64
94.683,230.3,79.03,7265.27,151.23,0,5.65
94.803,230.13,79.1,7255.78,151.01,0,5.65
94.923,230.06,79.19,7246.28,150.86,0,5.66
95.043,230,79.26,7236.77,150.76,0,5.67
95.163,229.99,79.33,7227.25,150.64,0,5.67
95.283,229.91,79.41,7217.73,150.47,0,5.68
95.403,229.83,79.48,7208.19,150.31,0,5.69
95.523,229.68,79.56,7198.65,150.1,0,5.69
95.643,229.51,79.64,7189.09,149.85,0,5.7
95.763,229.36,79.72,7179.53,149.63,0,5.7
95.883,229.26,79.79,7169.96,149.46,0,5.71
96.003,229.19,79.87,7160.38,149.31,0,5.72
96.123,229.12,79.94,7150.79,149.17,0,5.72
96.243,229.1,80.01,7141.19,149.1,0,5.73
96.363,229.07,80.09,7131.58,148.96,0,5.74
96.483,228.96,80.17,7121.96,148.77,0,5.74
96.603,228.84,80.24,7112.34,148.58,0,5.75
96.723,228.71,80.32,7102.7,148.36,0,5.75
96.843,228.5,80.4,7093.06,148.09,0,5.76
96.963,228.32,80.47,7083.41,147.78,0,5.77
97.083,227.98,80.54,7073.74,147.37,0,5.77
97.203,228.01,80.62,7064.07,147.47,0,5.78
97.323,228.34,80.71,7054.39,147.69,0,5.79
97.443,228.48,80.77,7044.7,147.73,0,5.79
97.563,228.56,80.85,7035,147.73,0,5.8
97.683,228.66,80.92,7025.3,147.75,0,5.8
97.803,228.78,81,7015.58,147.79,0,5.81
97.923,228.85,81.07,7005.85,147.79,0,5.82
98.043,228.9,81.15,6996.12,147.75,0,5.82
98.163,228.85,81.23,6986.38,147.63,0,5.83
98.283,228.8,81.3,6976.62,147.48,0,5.83
98.403,228.76,81.38,6966.86,147.37,0,5.84
98.523,228.69,81.45,6957.09,147.26,0,5.85
98.643,228.65,81.53,6947.31,147.11,0,5.85
98.763,228.55,81.6,6937.52,146.91,0,5.86
98.883,228.34,81.68,6927.72,146.63,0,5.86
99.003,228.18,81.76,6917.91,146.4,0,5.87
99.123,227.98,81.84,6908.1,146.11,0,5.88
99.243,227.7,81.91,6898.27,145.75,0,5.88
99.363,227.43,81.98,6888.44,145.43,0,5.89
99.483,227.25,82.07,6878.59,145.15,0,5.9
99.603,227.02,82.13,6868.74,144.84,0,5.9
99.723,226.74,82.21,6858.88,144.49,0,5.91
99.843,226.47,82.28,6849.01,144.15,0,5.91
99.963,226.24,82.35,6839.13,143.86,0,5.92
100.083,226.03,82.43,6829.24,143.55,0,5.92
100.203,225.66,82.5,6819.34,143.08,0,5.93
100.323,225.26,82.58,6809.44,142.62,0,5.94
100.443,224.88,82.65,6799.52,142.17,0,5.94
100.563,224.52,82.73,6789.6,141.73,0,5.95
100.683,224.17,82.8,6779.66,141.31,0,5.96
100.803,223.8,82.88,6769.72,140.84,0,5.96
100.923,223.29,82.95,6759.77,140.25,0,5.97
101.043,222.75,83.03,6749.81,139.62,0,5.97
101.163,221.99,83.11,6739.84,138.7,0,5.98
101.283,220.82,83.19,6729.86,137.46,0,5.99
101.403,219.97,83.26,6719.87,136.62,0,5.99
101.523,219.84,83.34,6709.87,136.49,0,6
101.643,219.72,83.41,6699.87,136.26,0,6
101.763,219.44,83.49,6689.85,135.92,0,6.01
101.883,219.26,83.57,6679.83,135.67,0,6.02
102.003,219.14,83.64,6669.79,135.48,0,6.02
102.123,219.04,83.72,6659.75,135.3,0,6.03
102.243,218.9,83.79,6649.7,135.07,0,6.03
102.363,218.74,83.86,6639.64,134.85,0,6.04
102.483,218.62,83.94,6629.57,134.68,0,6.05
102.603,218.53,84.02,6619.49,134.48,0,6.05
102.723,218.35,84.09,6609.4,134.23,0,6.06
102.843,218.16,84.17,6599.31,133.97,0,6.07
102.963,218,84.24,6589.2,133.73,0,6.07
103.083,217.82,84.32,6579.09,133.47,0,6.08
103.203,217.52,84.39,6568.96,133.07,0,6.08
103.323,217.16,84.47,6558.83,132.65,0,6.09
103.443,216.94,84.55,6548.69,132.38,0,6.1
103.563,216.79,84.62,6538.54,132.14,0,6.1
103.683,216.62,84.69,6528.38,131.92,0,6.11
103.803,216.49,84.77,6518.21,131.69,0,6.11
103.923,216.27,84.85,6508.03,131.37,0,6.12
104.043,215.95,84.92,6497.84,130.96,0,6.13
104.163,215.61,84.99,6487.64,130.53,0,6.13
104.283,215.2,85.08,6477.44,130.07,0,6.14
104.403,214.85,85.15,6467.22,129.63,0,6.14
104.523,214.47,85.23,6457,129.19,0,6.15
104.643,214.14,85.31,6446.77,128.78,0,6.16
104.763,213.82,85.38,6436.52,128.4,0,6.16
104.883,213.62,85.46,6426.27,128.12,0,6.17
105.003,213.38,85.52,6416.01,127.81,0,6.17
105.123,213.21,85.6,6405.74,127.58,0,6.18
105.243,213,85.68,6395.46,127.27,0,6.19
105.363,212.81,85.76,6385.18,127.03,0,6.19
105.483,212.65,85.83,6374.88,126.78,0,6.2
105.603,212.46,85.91,6364.57,126.51,0,6.2
105.723,212.19,85.98,6354.26,126.15,0,6.21
105.843,211.88,86.06,6343.93,125.76,0,6.22
105.963,211.55,86.13,6333.6,125.35,0,6.22
106.083,211.13,86.21,6323.26,124.84,0,6.23
106.203,210.69,86.28,6312.91,124.34,0,6.23
106.323,210.36,86.36,6302.55,123.98,0,6.24
106.443,210.18,86.44,6292.18,123.7,0,6.25
106.563,209.95,86.51,6281.8,123.4,0,6.25
106.683,209.71,86.58,6271.41,123.06,0,6.26
106.803,209.34,86.67,6261.02,122.61,0,6.27
106.923,209.01,86.74,6250.61,122.21,0,6.27
107.043,208.68,86.81,6240.2,121.81,0,6.28
107.163,208.34,86.89,6229.77,121.4,0,6.28
107.283,208.1,86.97,6219.34,121.1,0,6.29
107.403,207.85,87.04,6208.9,120.76,0,6.29
107.523,207.59,87.12,6198.45,120.45,0,6.3
107.643,207.41,87.19,6187.99,120.18,0,6.31
107.763,207.23,87.27,6177.52,119.92,0,6.31
107.883,206.96,87.33,6167.04,119.56,0,6.32
108.003,206.66,87.43,6156.55,119.2,0,6.33
108.123,206.43,87.48,6146.06,118.89,0,6.33
108.243,206.2,87.58,6135.55,118.58,0,6.34
108.363,205.97,87.66,6125.04,118.3,0,6.34
108.483,205.74,87.73,6114.51,117.97,0,6.35
108.603,205.49,87.8,6103.98,117.68,0,6.35
108.723,205.41,87.88,6093.44,117.51,0,6.36
108.843,205.14,87.95,6082.89,117.14,0,6.37
108.963,204.78,88.03,6072.33,116.7,0,6.37
109.083,204.41,88.09,6061.76,116.23,0,6.38
109.203,204.09,88.19,6051.18,115.87,0,6.39
109.323,203.82,88.26,6040.59,115.52,0,6.39
109.443,203.53,88.33,6029.99,115.14,0,6.4
109.563,203.27,88.41,6019.39,114.82,0,6.4
109.683,203,88.49,6008.77,114.46,0,6.41
109.803,202.62,88.56,5998.15,114,0,6.41
109.923,202.19,88.63,5987.52,113.48,0,6.42
110.043,201.76,88.71,5976.87,112.99,0,6.43
110.163,201.42,88.79,5966.22,112.58,0,6.43
110.283,201.09,88.86,5955.56,112.18,0,6.44
110.403,200.78,88.94,5944.89,111.79,0,6.44
110.523,200.5,89.02,5934.22,111.46,0,6.45
110.643,200.27,89.09,5923.53,111.14,0,6.46
110.763,200.02,89.18,5912.83,110.82,0,6.46
110.883,199.85,89.23,5902.13,110.59,0,6.47
111.003,199.74,89.31,5891.41,110.41,0,6.47
111.123,199.64,89.39,5880.69,110.21,0,6.48
111.243,199.47,89.48,5869.95,109.99,0,6.49
111.363,199.31,89.54,5859.21,109.74,0,6.49
111.483,199.12,89.63,5848.46,109.46,0,6.5
111.603,198.92,89.7,5837.7,109.21,0,6.5
111.723,198.79,89.77,5826.93,109,0,6.51
111.843,198.62,89.85,5816.15,108.74,0,6.52
111.963,198.45,89.92,5805.37,108.51,0,6.52
112.083,198.34,90,5794.57,108.31,0,6.53
112.203,198.09,90.08,5783.76,107.96,0,6.53
112.323,197.79,90.15,5772.95,107.59,0,6.54
112.443,197.43,90.23,5762.13,107.13,0,6.55
112.563,196.98,90.31,5751.29,106.61,0,6.55
112.683,196.52,90.37,5740.45,106.05,0,6.56
112.803,195.96,90.45,5729.6,105.44,0,6.56
112.923,195.75,90.52,5718.74,105.21,0,6.57
113.043,195.68,90.61,5707.87,105.03,0,6.58
113.163,195.41,90.68,5696.99,104.68,0,6.58
113.283,195.15,90.75,5686.11,104.37,0,6.59
113.403,195.04,90.83,5675.21,104.2,0,6.59
113.523,194.88,90.9,5664.3,103.94,0,6.6
113.643,194.66,90.98,5653.39,103.62,0,6.61
113.763,194.32,91.06,5642.47,103.22,0,6.61
113.883,194.1,91.13,5631.53,102.94,0,6.62
114.003,193.89,91.21,5620.59,102.64,0,6.62
114.123,193.65,91.28,5609.64,102.33,0,6.63
114.243,193.52,91.36,5598.68,102.14,0,6.63
114.363,193.35,91.44,5587.71,101.9,0,6.64
114.483,193.36,91.51,5576.73,101.86,0,6.65
114.603,193.37,91.59,5565.75,101.78,0,6.65
114.723,193.33,91.66,5554.75,101.65,0,6.66
114.843,193.22,91.74,5543.75,101.46,0,6.66
114.963,193.07,91.81,5532.73,101.23,0,6.67
115.083,192.85,91.89,5521.71,100.92,0,6.68
115.203,192.57,91.96,5510.68,100.55,0,6.68
115.323,192.25,92.04,5499.64,100.17,0,6.69
115.443,192.04,92.11,5488.59,99.9,0,6.69
115.563,191.85,92.19,5477.53,99.62,0,6.7
115.683,191.62,92.27,5466.46,99.33,0,6.71
115.803,191.37,92.34,5455.38,98.98,0,6.71
115.923,191.13,92.42,5444.29,98.69,0,6.72
116.043,190.98,92.49,5433.2,98.46,0,6.72
116.163,190.7,92.56,5422.09,98.08,0,6.73
116.283,190.41,92.64,5410.98,97.71,0,6.73
116.403,190.06,92.72,5399.85,97.28,0,6.74
116.523,189.71,92.8,5388.72,96.86,0,6.75
116.643,189.36,92.87,5377.58,96.42,0,6.75
116.763,189.02,92.95,5366.43,96.02,0,6.76
116.883,188.68,93.03,5355.27,95.59,0,6.76
117.003,188.21,93.1,5344.1,95.04,0,6.77
117.123,187.76,93.18,5332.92,94.5,0,6.78
117.243,187.27,93.25,5321.74,93.94,0,6.78
117.363,186.9,93.33,5310.54,93.52,0,6.79
117.483,186.6,93.4,5299.34,93.14,0,6.79
117.603,186.22,93.48,5288.12,92.68,0,6.8
117.723,185.94,93.56,5276.9,92.36,0,6.81
117.843,185.72,93.64,5265.67,92.02,0,6.81
117.963,185.29,93.71,5254.42,91.52,0,6.82
118.083,184.93,93.79,5243.17,91.07,0,6.82
118.203,184.57,93.86,5231.91,90.66,0,6.83
118.323,184.37,93.94,5220.64,90.4,0,6.84
118.443,184.15,94.01,5209.36,90.07,0,6.84
118.563,183.74,94.09,5198.08,89.59,0,6.85
118.683,183.33,94.16,5186.78,89.09,0,6.85
118.803,182.9,94.24,5175.47,88.6,0,6.86
118.923,182.52,94.32,5164.16,88.13,0,6.86
119.043,182.09,94.39,5152.84,87.63,0,6.87
119.163,181.57,94.47,5141.5,86.99,0,6.88
119.283,180.9,94.55,5130.16,86.24,0,6.88
119.403,180.35,94.62,5118.81,85.64,0,6.89
119.523,179.92,94.7,5107.45,85.16,0,6.89
119.643,179.49,94.77,5096.08,84.64,0,6.9
119.763,179.04,94.85,5084.7,84.12,0,6.91
119.883,178.73,94.93,5073.31,83.77,0,6.91
120.003,178.61,94.99,5061.92,83.61,0,6.92
120.123,178.61,95.08,5050.51,83.71,0,6.92
120.243,179.68,95.15,5039.09,84.7,0,6.93
120.363,180.64,95.23,5027.67,85.53,0,6.94
120.483,181.38,95.31,5016.24,86.2,0,6.94
120.603,182.12,95.38,5004.79,86.84,0,6.95
120.723,182.77,95.46,4993.34,87.41,0,6.95
120.843,183.3,95.53,4981.88,87.86,0,6.96
120.963,184.03,95.61,4970.41,88.58,0,6.96
121.083,185,95.68,4958.93,89.46,0,6.97
121.203,185.85,95.76,4947.44,90.23,0,6.98
121.323,186.61,95.84,4935.95,90.87,0,6.98
121.443,187.11,95.92,4924.44,91.27,0,6.99
121.563,187.51,95.99,4912.92,91.58,0,6.99
121.683,187.9,96.07,4901.4,91.92,0,7
121.803,188.28,96.14,4889.87,92.19,0,7
121.923,188.63,96.2,4878.32,92.46,0,7.01
122.043,188.91,96.29,4866.77,92.65,0,7.02
122.163,189.11,96.38,4855.21,92.78,0,7.02
122.283,189.3,96.44,4843.64,92.86,0,7.03
122.403,189.35,96.51,4832.06,92.83,0,7.03
122.523,189.36,96.59,4820.47,92.76,0,7.04
122.643,189.33,96.68,4808.88,92.65,0,7.05
122.763,189.23,96.75,4797.27,92.47,0,7.05
122.883,189.03,96.83,4785.65,92.16,0,7.06
123.003,188.71,96.9,4774.03,91.77,0,7.06
123.123,188.45,96.98,4762.4,91.43,0,7.07
123.243,188.16,97.06,4750.75,91.07,0,7.07
123.363,187.91,97.12,4739.1,90.71,0,7.08
123.483,187.43,97.2,4727.44,90.14,0,7.09
123.603,186.88,97.28,4715.77,89.51,0,7.09
123.723,186.31,97.35,4704.09,88.87,0,7.1
123.843,185.83,97.42,4692.4,88.3,0,7.1
123.963,185.22,97.5,4680.7,87.61,0,7.11
124.083,184.71,97.58,4669,87.05,0,7.11
124.203,184.52,97.65,4657.28,86.83,0,7.12
124.323,184.23,97.73,4645.56,86.43,0,7.13
124.443,183.88,97.82,4633.82,85.99,0,7.13
124.563,183.36,97.89,4622.08,85.38,0,7.14
124.683,182.78,97.96,4610.33,84.73,0,7.14
124.803,182.31,98.05,4598.56,84.21,0,7.15
124.923,181.81,98.12,4586.79,83.56,0,7.16
125.043,181.04,98.19,4575.01,82.74,0,7.16
125.163,180.36,98.27,4563.22,82,0,7.17
125.283,179.73,98.35,4551.43,81.29,0,7.17
125.403,179.2,98.42,4539.62,80.71,0,7.18
125.523,178.89,98.51,4527.8,80.35,0,7.19
125.643,178.68,98.58,4515.98,80.06,0,7.19
125.763,178.37,98.65,4504.14,79.65,0,7.2
125.883,177.87,98.73,4492.3,79.03,0,7.2
126.003,177.13,98.8,4480.45,78.2,0,7.21
126.123,176.26,98.88,4468.58,77.21,0,7.21
126.243,175.19,98.96,4456.71,76.05,0,7.22
126.363,173.93,99.03,4444.83,74.69,0,7.22
126.483,172.53,99.1,4432.94,73.15,0,7.23
126.603,171.03,99.18,4421.04,71.59,0,7.24
126.723,170.07,99.26,4409.14,70.81,0,7.24
126.843,170.04,99.33,4397.22,70.69,0,7.25
126.963,169.9,99.41,4385.29,70.46,0,7.25
127.083,169.65,99.48,4373.36,70.13,0,7.26
127.203,169.46,99.56,4361.41,69.89,0,7.26
127.323,169.5,99.64,4349.46,69.88,0,7.27
127.443,169.55,99.71,4337.5,69.83,0,7.28
127.563,169.5,99.79,4325.53,69.72,0,7.28
127.683,169.59,99.87,4313.54,69.74,0,7.29
127.803,169.58,99.94,4301.55,69.61,0,7.29
127.923,169.37,100.02,4289.56,69.31,0,7.3
128.043,169.18,100.1,4277.55,69.06,0,7.31
128.163,169,100.17,4265.53,68.79,0,7.31
128.283,168.78,100.25,4253.5,68.5,0,7.32
128.403,168.62,100.33,4241.47,68.26,0,7.32
128.523,168.5,100.41,4229.42,68.1,0,7.33
128.643,168.59,100.48,4217.37,68.12,0,7.33
128.763,168.58,100.56,4205.3,68,0,7.34
128.883,168.5,100.63,4193.23,67.86,0,7.35
129.003,168.49,100.71,4181.15,67.78,0,7.35
129.123,168.48,100.79,4169.06,67.69,0,7.36
129.243,168.37,100.87,4156.96,67.48,0,7.36
129.363,168.24,100.94,4144.85,67.27,0,7.37
129.483,168.05,101.02,4132.73,67,0,7.38
129.603,167.87,101.09,4120.6,66.73,0,7.38
129.723,167.67,101.17,4108.46,66.5,0,7.39
129.843,167.66,101.24,4096.32,66.41,0,7.39
129.963,167.64,101.32,4084.16,66.31,0,7.4
130.083,167.56,101.4,4072,66.17,0,7.4
130.203,167.63,101.47,4059.82,66.17,0,7.41
130.323,167.57,101.54,4047.64,65.99,0,7.41
130.443,167.45,101.63,4035.45,65.82,0,7.42
130.563,167.43,101.69,4023.25,65.71,0,7.43
130.683,167.38,101.78,4011.04,65.59,0,7.43
130.803,167.29,101.85,3998.82,65.41,0,7.44
130.923,167.18,101.93,3986.59,65.23,0,7.44
131.043,167.17,102.01,3974.35,65.18,0,7.45
131.163,167.3,102.08,3962.1,65.22,0,7.45
131.283,167.3,102.16,3949.85,65.11,0,7.46
131.403,167.11,102.24,3937.58,64.83,0,7.47
131.523,166.84,102.32,3925.31,64.49,0,7.47
131.643,166.64,102.39,3913.02,64.23,0,7.48
131.763,166.5,102.46,3900.73,63.99,0,7.48
131.883,166.13,102.54,3888.43,63.52,0,7.49
132.003,165.78,102.62,3876.12,63.12,0,7.49
132.123,165.44,102.69,3863.8,62.68,0,7.5
132.243,165.02,102.77,3851.47,62.18,0,7.51
132.363,164.57,102.85,3839.13,61.64,0,7.51
132.483,164.06,102.92,3826.78,61.05,0,7.52
132.603,163.58,103,3814.43,60.53,0,7.52
132.723,163.23,103.08,3802.06,60.08,0,7.53
132.843,162.81,103.15,3789.69,59.62,0,7.53
132.963,162.32,103.23,3777.3,59.01,0,7.54
133.083,161.83,103.3,3764.91,58.44,0,7.55
133.203,161.38,103.38,3752.51,57.95,0,7.55
133.323,161.14,103.46,3740.09,57.65,0,7.56
133.443,160.81,103.53,3727.67,57.21,0,7.56
133.563,160.5,103.61,3715.24,56.86,0,7.57
133.683,160.22,103.68,3702.8,56.49,0,7.57
133.803,159.98,103.76,3690.36,56.17,0,7.58
133.923,159.61,103.84,3677.9,55.71,0,7.59
134.043,159.13,103.92,3665.43,55.12,0,7.59
134.163,158.58,103.99,3652.96,54.52,0,7.6
134.283,158.18,104.07,3640.47,54.04,0,7.6
134.403,157.61,104.14,3627.98,53.36,0,7.61
134.523,156.92,104.22,3615.48,52.57,0,7.61
134.643,156.24,104.29,3602.96,51.84,1,7.62
134.763,155.52,104.33,3590.44,51.05,5,7.63
134.883,154.84,104.38,3577.92,50.35,8,7.63
135.003,154.09,104.37,3565.39,49.61,10,7.64
135.123,153.43,104.32,3552.87,49.02,12,7.65
135.243,152.81,104.28,3540.36,48.4,13,7.65
135.363,151.98,104.21,3527.85,47.65,15,7.66
135.483,151.11,104.12,3515.35,46.86,18,7.67
135.603,150.24,104.01,3502.87,46.11,20,7.68
135.723,149.37,103.86,3490.4,45.39,21,7.69
135.843,148.44,103.7,3477.95,44.62,23,7.7
135.963,147.58,103.53,3465.52,43.94,25,7.7
136.083,146.83,103.33,3453.12,43.43,26,7.71
136.203,146.22,103.12,3440.73,43.02,25,7.72
136.323,145.54,102.91,3428.38,42.53,25,7.73
136.443,144.72,102.72,3416.05,41.92,27,7.74
136.563,144.03,102.5,3403.74,41.45,28,7.75
136.683,143.28,102.27,3391.46,40.92,29,7.76
136.803,142.48,102.03,3379.21,40.34,30,7.78
136.923,141.66,101.78,3366.99,39.8,32,7.79
137.043,140.95,101.51,3354.8,39.36,32,7.8
137.163,140.14,101.24,3342.64,38.83,33,7.81
137.283,139.48,100.96,3330.52,38.48,34,7.82
137.403,138.9,100.66,3318.43,38.19,33,7.83
137.523,138.38,100.37,3306.38,37.97,33,7.84
137.643,137.81,100.09,3294.36,37.66,33,7.86
137.763,137.2,99.82,3282.37,37.33,33,7.87
137.883,136.52,99.52,3270.42,36.93,34,7.88
138.003,135.84,99.23,3258.5,36.56,36,7.89
138.123,135.22,98.91,3246.62,36.24,36,7.91
138.243,134.44,98.59,3234.78,35.77,37,7.92
138.363,133.63,98.27,3222.98,35.29,39,7.93
138.483,132.95,97.91,3211.22,35,40,7.95
138.603,132.38,97.56,3199.5,34.77,39,7.96
138.723,131.69,97.2,3187.83,34.45,40,7.98
138.843,131.11,96.84,3176.19,34.23,40,7.99
138.963,130.45,96.49,3164.6,33.9,40,8
139.083,129.76,96.12,3153.06,33.62,41,8.02
139.203,129.36,95.73,3141.56,33.62,41,8.03
139.323,128.92,95.38,3130.1,33.5,39,8.05
139.443,128.22,95.02,3118.69,33.15,41,8.06
139.563,127.5,94.66,3107.32,32.8,42,8.08
139.683,126.85,94.27,3095.99,32.54,43,8.1
139.803,126.04,93.88,3084.72,32.07,44,8.11
139.923,125.11,93.47,3073.49,31.55,47,8.13
140.043,124.23,93.03,3062.31,31.13,48,8.15
140.163,123.46,92.59,3051.19,30.84,49,8.16
140.283,122.89,92.12,3040.12,30.76,48,8.18
140.403,122.38,91.67,3029.1,30.7,47,8.2
140.523,121.79,91.23,3018.14,30.51,46,8.22
140.643,121.06,90.8,3007.23,30.21,47,8.23
140.763,120.41,90.35,2996.38,30.02,48,8.25
140.883,119.69,89.9,2985.58,29.75,49,8.27
141.003,119.05,89.44,2974.83,29.59,49,8.29
141.123,118.43,88.98,2964.14,29.42,49,8.31
141.243,117.74,88.51,2953.5,29.21,50,8.33
141.363,117.17,88.04,2942.92,29.12,49,8.35
141.483,116.67,87.57,2932.4,29.09,49,8.37
141.603,116.1,87.11,2921.93,28.97,49,8.39
141.723,115.6,86.65,2911.52,28.95,49,8.41
141.843,115.05,86.19,2901.17,28.83,48,8.43
141.963,114.32,85.73,2890.87,28.53,50,8.45
142.083,113.46,85.26,2880.62,28.14,52,8.47
142.203,112.59,84.76,2870.44,27.76,53,8.49
142.323,111.62,84.24,2860.31,27.32,55,8.51
142.443,110.82,83.7,2850.25,27.09,56,8.54
142.563,110.13,83.15,2840.26,26.94,55,8.56
142.683,109.29,82.6,2830.33,26.64,56,8.58
142.803,108.45,82.05,2820.47,26.35,57,8.61
142.923,107.53,81.49,2810.67,25.99,58,8.63
143.043,106.66,80.91,2800.95,25.73,59,8.66
143.163,105.96,80.32,2791.29,25.62,58,8.68
143.283,105.28,79.74,2781.7,25.52,58,8.71
143.403,104.57,79.16,2772.19,25.43,58,8.73
143.523,104.12,78.58,2762.74,25.55,56,8.76
143.643,103.6,78.03,2753.36,25.58,55,8.78
143.763,103.1,77.48,2744.05,25.64,55,8.81
143.883,102.67,76.94,2734.8,25.74,54,8.84
144.003,102.05,76.4,2725.62,25.61,54,8.86
144.123,101.25,75.87,2716.5,25.35,56,8.89
144.243,100.54,75.32,2707.45,25.21,57,8.92
144.363,99.89,74.74,2698.46,25.14,57,8.95
144.483,99.32,74.17,2689.54,25.16,57,8.98
144.603,98.79,73.59,2680.7,25.18,56,9
144.723,98.13,73.03,2671.92,25.08,56,9.03
144.843,97.45,72.46,2663.21,24.97,57,9.06
144.963,96.86,71.88,2654.56,25,57,9.09
145.083,96.38,71.3,2645.99,25.08,56,9.12
145.203,95.77,70.74,2637.49,25.02,56,9.15
145.323,95.14,70.17,2629.05,24.97,57,9.19
145.443,94.58,69.59,2620.69,25,56,9.22
145.563,94.09,69.01,2612.39,25.1,56,9.25
145.683,93.67,68.45,2604.16,25.25,55,9.28
145.803,93.28,67.89,2596,25.43,54,9.32
145.923,92.9,67.34,2587.9,25.57,53,9.35
146.043,92.42,66.8,2579.87,25.62,53,9.38
146.163,91.9,66.27,2571.9,25.62,53,9.41
146.283,91.33,65.73,2564,25.61,54,9.45
146.403,90.84,65.17,2556.16,25.68,54,9.49
146.523,90.37,64.63,2548.39,25.75,53,9.52
146.643,89.78,64.08,2540.69,25.69,54,9.56
146.763,89.09,63.52,2533.05,25.55,55,9.59
146.883,88.33,62.96,2525.48,25.34,56,9.63
147.003,87.62,62.36,2517.98,25.26,57,9.67
147.123,87.14,61.76,2510.56,25.4,56,9.71
147.243,86.73,61.16,2503.2,25.6,55,9.74
147.363,86.31,60.59,2495.91,25.73,54,9.78
147.483,85.73,60.03,2488.7,25.68,54,9.82
147.603,84.93,59.47,2481.54,25.41,55,9.86
147.723,84.03,58.88,2474.46,25.12,58,9.91
147.843,83.28,58.26,2467.46,25.02,58,9.95
147.963,82.72,57.62,2460.52,25.13,58,9.99
148.083,82.41,57,2453.67,25.48,55,10.03
148.203,82.28,56.4,2446.88,25.96,52,10.08
148.323,82.07,55.84,2440.17,26.26,50,10.12
148.443,81.64,55.31,2433.52,26.33,50,10.17
148.563,81.07,54.78,2426.93,26.27,51,10.21
148.683,80.38,54.23,2420.41,26.12,53,10.25
148.803,79.57,53.67,2413.95,25.86,55,10.3
148.923,78.73,53.06,2407.57,25.64,56,10.35
149.043,77.98,52.43,2401.26,25.53,57,10.4
149.163,77.29,51.8,2395.03,25.47,57,10.45
149.283,76.61,51.16,2388.87,25.46,57,10.5
149.403,76.03,50.51,2382.79,25.53,56,10.55
149.523,75.54,49.88,2376.79,25.69,55,10.61
149.643,74.97,49.26,2370.87,25.71,54,10.66
149.763,74.25,48.64,2365.01,25.59,55,10.71
149.883,73.46,48.01,2359.24,25.42,56,10.77
150.003,72.63,47.36,2353.54,25.24,57,10.82
150.123,71.8,46.7,2347.92,25.07,58,10.88
150.243,70.94,46.01,2342.38,24.91,59,10.94
150.363,70.08,45.31,2336.92,24.74,60,11
150.483,69.2,44.6,2331.55,24.58,60,11.07
150.603,68.36,43.88,2326.27,24.47,61,11.13
150.723,67.55,43.15,2321.08,24.4,61,11.2
150.843,66.79,42.41,2315.97,24.38,60,11.26
150.963,66.05,41.68,2310.95,24.37,60,11.33
151.083,65.28,40.94,2306.02,24.32,60,11.4
151.203,64.47,40.21,2301.17,24.24,60,11.47
151.323,63.62,39.47,2296.42,24.14,60,11.54
151.443,62.85,38.72,2291.76,24.13,60,11.62
151.563,62.1,37.97,2287.18,24.13,60,11.7
151.683,61.31,37.2,2282.7,24.09,60,11.78
151.803,60.5,36.45,2278.31,24.05,60,11.86
151.923,59.7,35.68,2274.01,24.02,60,11.94
152.043,58.93,34.9,2269.8,24.04,60,12.03
152.163,58.2,34.11,2265.69,24.1,60,12.12
152.283,57.51,33.34,2261.67,24.18,59,12.22
152.403,56.83,32.58,2257.74,24.27,59,12.31
152.523,56.14,31.79,2253.91,24.36,59,12.41
152.643,55.47,31.02,2250.17,24.46,58,12.51
152.763,54.8,30.24,2246.52,24.58,58,12.61
152.883,54.19,29.48,2242.96,24.74,57,12.72
153.003,53.62,28.72,2239.5,24.94,57,12.83
153.123,53.07,27.95,2236.13,25.17,56,12.95
153.243,52.59,27.2,2232.85,25.43,55,13.07
153.363,52.11,26.45,2229.66,25.7,54,13.19
153.483,51.66,25.72,2226.56,25.98,53,13.32
153.603,51.22,25,2223.54,26.28,52,13.45
153.723,50.8,24.29,2220.62,26.56,51,13.59
153.843,50.39,23.59,2217.77,26.85,50,13.73
153.963,49.99,22.89,2215.01,27.15,50,13.89
154.083,49.6,22.18,2212.34,27.47,49,14.04
154.203,49.24,21.5,2209.75,27.79,48,14.21
154.323,48.91,20.83,2207.24,28.14,47,14.37
154.443,48.6,20.16,2204.81,28.51,46,14.55
154.563,48.33,19.5,2202.46,28.89,45,14.74
154.683,48.07,18.85,2200.19,29.27,44,14.93
154.803,47.77,18.21,2197.99,29.62,43,15.14
154.923,47.49,17.58,2195.88,29.97,43,15.36
155.043,47.24,16.95,2193.83,30.35,42,15.58
155.163,47.01,16.32,2191.87,30.75,41,15.82
155.283,46.82,15.72,2189.98,31.17,40,16.07
155.403,46.64,15.11,2188.16,31.6,39,16.34
155.523,46.5,14.53,2186.42,32.04,38,16.62
155.643,46.39,13.96,2184.74,32.5,37,16.92
155.763,46.27,13.38,2183.13,32.98,36,17.25
155.883,46.22,12.84,2181.59,33.46,34,17.58
156.003,46.2,12.3,2180.12,33.97,33,17.94
156.123,46.18,11.78,2178.71,34.5,32,18.33
156.243,46.22,11.28,2177.36,35.02,31,18.73
156.363,46.26,10.79,2176.08,35.56,30,19.16
156.483,46.33,10.31,2174.84,36.12,28,19.64
156.603,46.47,9.86,2173.67,36.71,27,20.15
156.723,46.65,9.44,2172.54,37.31,25,20.69
156.843,46.86,9.04,2171.47,37.92,24,21.28
156.963,47.1,8.66,2170.45,38.51,22,21.89
157.083,47.3,8.31,59.08,39.09,21,22.58
157.203,47.53,7.98,58.2,39.68,21,23.3
157.323,47.85,7.64,57.28,40.29,19,24.04
157.443,48.16,7.34,56.38,40.91,18,24.83
157.563,48.5,7.04,55.53,41.58,17,25.72
157.683,48.91,6.76,54.71,42.24,15,26.6
157.803,49.29,6.52,53.93,42.89,14,27.54
157.923,49.68,6.3,53.19,43.49,12,28.46
158.043,50.06,6.13,52.47,44.01,11,29.36
158.163,50.41,5.98,51.77,44.55,11,30.34
158.283,50.78,5.84,51.1,45.02,10,31.24
158.403,51.14,5.72,50.45,45.47,9,32.15
158.523,51.42,5.59,49.81,45.91,9,33.08
158.643,51.73,5.48,49.19,46.32,9,33.98
158.763,51.97,5.34,48.59,46.72,8,34.91
158.883,52.21,5.25,48.01,47.01,7,35.73
159.003,52.4,5.19,47.42,47.24,7,36.49
159.123,52.53,5.12,46.85,47.43,6,37.23
159.243,52.59,5.04,46.29,47.58,7,37.93
159.363,52.68,4.96,45.73,47.71,7,38.55
